ITINERARY_ID,PORT_ID,DAY,DISTANCE
267385,282,,
267385,654,,
267385,1629,,
267385,2627,,
267385,L44069,,
267387,718,,
267387,CMS022,,
267387,655,,
267387,2636,,
267387,465,,
267387,L00203,,
267389,718,,
267389,4448,,
267389,1636,,
267389,2166,,
267389,666,,
267389,2637,,
267391,718,,
267391,L39802,,
267391,454,,
267391,945,,
267391,666,,
267391,867,,
267393,718,,
267393,4448,,
267393,931,,
267393,446,,
267393,804,,
267393,965,,
172989,1628,,
172989,373,,
172989,282,,
172989,2050,,
172989,1723,,
172989,2690,,
172991,1673,,
172991,2393,,
172991,158,,
172991,2112,,
172991,2639,,
172991,1610,,
262471,534,,
262471,L15649,,
262471,L21521,,
262471,L21485,,
262471,L21487,,
252203,1628,,
252203,4070,,
252203,2836,,
252203,531,,
252203,2625,,
252203,1002,,
149709,1628,,
149709,2836,,
149709,4070,,
149709,531,,
149709,2625,,
149709,1002,,
149711,1628,,
149711,2696,,
149711,5741,,
149711,373,,
149711,2700,,
149711,2693,,
149713,1628,,
149713,2625,,
149713,1002,,
149713,158,,
149715,1673,,
149715,1610,,
149715,2393,,
149715,158,,
149715,2112,,
149715,2639,,
149717,1673,,
149717,1610,,
149717,L24601,,
149717,158,,
149717,2639,,
149717,L24561,,
149707,1628,,
149707,282,,
149707,373,,
149707,2050,,
149707,1723,,
149707,2690,,
190681,534,,
190681,1913,,
190681,703,,
190681,L38049,,
190681,L38049,,
190681,L27685,,
190681,531,,
190681,1628,,
190681,2693,,
190683,1673,,
190683,1610,,
190683,L24601,,
190683,158,,
190683,2639,,
190683,L24561,,
190685,1610,,
190685,L24601,,
190685,158,,
190685,2639,,
190685,L24561,,
190685,1673,,
190687,534,,
190687,CL0405,,
190687,1913,,
190687,1913,,
190687,4668,,
190689,534,,
190689,1913,,
190689,1913,,
190689,4668,,
190689,CL0405,,
190691,534,,
190691,4404,,
190691,L46052,,
190691,L15647,,
190691,L38042,,
190693,534,,
190693,L21487,,
190693,L21485,,
190693,L21521,,
190693,L15649,,
190695,1673,,
190695,1610,,
190695,L38041,,
190695,719,,
190695,2049,,
190695,L27691,,
190695,1984,,
190695,L15621,,
190695,L21485,,
190695,L21521,,
190697,1610,,
190697,L38041,,
190697,719,,
190697,2049,,
190697,L27691,,
190697,1984,,
190697,L15621,,
190697,L21485,,
190697,L21521,,
301055,534,,
301055,1913,,
301055,1913,,
301055,4668,,
301055,CL0405,,
301059,534,,
301059,1913,,
301059,1913,,
301059,4668,,
301059,CL0405,,
301139,1673,,
301139,2393,,
301139,158,,
301139,2112,,
301139,2639,,
301139,1610,,
258497,1628,,
258497,282,,
258497,373,,
258497,2050,,
258497,1723,,
258497,2690,,
258507,1628,,
258507,2836,,
258507,4070,,
258507,531,,
258507,2625,,
258507,1002,,
258517,1628,,
258517,2696,,
258517,5741,,
258517,373,,
258517,2700,,
258517,2693,,
307211,1673,,
307211,1610,,
307211,L24601,,
307211,158,,
307211,2639,,
307211,L24561,,
307217,1610,,
307217,L24601,,
307217,158,,
307217,2639,,
307217,L24561,,
307217,1673,,
307223,534,,
307223,CL0405,,
307223,1913,,
307223,1913,,
307223,4668,,
307229,534,,
307229,4404,,
307229,L46052,,
307229,L15647,,
307229,L38042,,
307235,534,,
307235,L21487,,
307235,L21485,,
307235,L21521,,
307235,L15649,,
307265,1673,,
307265,1610,,
307265,L38041,,
307265,719,,
307265,2049,,
307265,L27691,,
307265,1984,,
307265,L15621,,
307265,L21485,,
307265,L21521,,
307271,1610,,
307271,L38041,,
307271,719,,
307271,2049,,
307271,L27691,,
307271,L15621,,
307271,1984,,
307271,L21521,,
307271,L21485,,
307277,534,,
307277,1913,,
307277,703,,
307277,L38049,,
307277,L38049,,
307277,L27685,,
307277,531,,
307277,1628,,
307277,2693,,
299599,1610,,
299599,L24601,,
299599,158,,
299599,2639,,
299599,L24561,,
299599,1673,,
299605,1610,,
299605,L24601,,
299605,158,,
299605,2639,,
299605,L24561,,
299605,1673,,
299609,534,,
299609,CL0405,,
299609,1913,,
299609,1913,,
299609,4668,,
299615,534,,
299615,CL0405,,
299615,1913,,
299615,1913,,
299615,4668,,
299619,534,,
299619,4404,,
299619,L46052,,
299619,L15647,,
299619,L38042,,
299625,534,,
299625,4404,,
299625,L46052,,
299625,L15647,,
299625,L38042,,
299629,534,,
299629,L21487,,
299629,L21485,,
299629,L21521,,
299629,L15649,,
299635,534,,
299635,L21487,,
299635,L21485,,
299635,L21521,,
299635,L15649,,
299679,1673,,
299679,1610,,
299679,L38041,,
299679,719,,
299679,2049,,
299679,L27691,,
299679,1984,,
299679,L15621,,
299679,L21485,,
299679,L21521,,
299685,1673,,
299685,1610,,
299685,L38041,,
299685,719,,
299685,2049,,
299685,L27691,,
299685,1984,,
299685,L15621,,
299685,L21485,,
299685,L21521,,
300133,1628,,
300133,282,,
300133,373,,
300133,2050,,
300133,1723,,
300133,2690,,
300139,1628,,
300139,282,,
300139,373,,
300139,2050,,
300139,1723,,
300139,2690,,
300145,1628,,
300145,2836,,
300145,4070,,
300145,531,,
300145,2625,,
300145,1002,,
300151,1628,,
300151,2836,,
300151,4070,,
300151,531,,
300151,2625,,
300151,1002,,
300157,1628,,
300157,2696,,
300157,5741,,
300157,373,,
300157,2700,,
300157,2693,,
300163,1628,,
300163,2696,,
300163,5741,,
300163,373,,
300163,2700,,
300163,2693,,
300169,1628,,
300169,2625,,
300169,1002,,
300169,158,,
300175,1628,,
300175,2625,,
300175,1002,,
300175,158,,
300181,1673,,
300181,1610,,
300181,2393,,
300181,158,,
300181,2112,,
300181,2639,,
300185,1673,,
300185,1610,,
300185,2393,,
300185,158,,
300185,2112,,
300185,2639,,
388155,534,,
388155,L21487,,
388155,L21485,,
388155,L21521,,
388155,L15649,,
388189,1673,,
388189,1610,,
388189,L38041,,
388189,719,,
388189,2049,,
388189,L27691,,
388189,1984,,
388189,L15621,,
388189,L21485,,
388189,L21521,,
388191,1673,,
388191,1610,,
388191,L38041,,
388191,719,,
388191,2049,,
388191,L27691,,
388191,1984,,
388191,L15621,,
388191,L21485,,
388191,L21521,,
388193,1673,,
388193,1610,,
388193,L38041,,
388193,719,,
388193,2049,,
388193,L27691,,
388193,1984,,
388193,L15621,,
388193,L21485,,
388193,L21521,,
388195,1673,,
388195,1610,,
388195,L38041,,
388195,719,,
388195,2049,,
388195,L27691,,
388195,1984,,
388195,L15621,,
388195,L21485,,
388195,L21521,,
388197,1610,,
388197,L38041,,
388197,719,,
388197,2049,,
388197,L27691,,
388197,1984,,
388197,L15621,,
388197,L21485,,
388197,L21521,,
388199,1610,,
388199,L38041,,
388199,719,,
388199,2049,,
388199,L27691,,
388199,1984,,
388199,L15621,,
388199,L21485,,
388199,L21521,,
388201,1610,,
388201,L38041,,
388201,719,,
388201,2049,,
388201,L27691,,
388201,1984,,
388201,L15621,,
388201,L21485,,
388201,L21521,,
388203,1610,,
388203,L38041,,
388203,719,,
388203,2049,,
388203,L27691,,
388203,1984,,
388203,L15621,,
388203,L21485,,
388203,L21521,,
388205,534,,
388205,1913,,
388205,703,,
388205,L38049,,
388205,L38049,,
388205,L27685,,
388205,531,,
388205,1628,,
388205,2693,,
388207,534,,
388207,1913,,
388207,703,,
388207,L38049,,
388207,L38049,,
388207,L27685,,
388207,531,,
388207,1628,,
388207,2693,,
388209,534,,
388209,1913,,
388209,703,,
388209,L38049,,
388209,L38049,,
388209,L27685,,
388209,531,,
388209,1628,,
388209,2693,,
388211,534,,
388211,1913,,
388211,703,,
388211,L38049,,
388211,L38049,,
388211,L27685,,
388211,531,,
388211,1628,,
388211,2693,,
285227,1673,,
285227,1673,,
285227,2639,,
285227,2112,,
285227,158,,
285227,1610,,
299589,1673,,
299589,1610,,
299589,L24601,,
299589,158,,
299589,2639,,
299589,L24561,,
299595,1673,,
299595,1610,,
299595,L24601,,
299595,158,,
299595,2639,,
299595,L24561,,
373463,1610,,
373463,L38041,,
373463,719,,
373463,2049,,
373463,L27691,,
373463,1984,,
373463,L15621,,
373463,L21485,,
373463,L21521,,
373473,534,,
373473,1913,,
373473,703,,
373473,L38049,,
373473,L38049,,
373473,L27685,,
373473,531,,
373473,1628,,
373473,2693,,
307685,718,,
307685,4448,,
307685,1636,,
307685,2166,,
307685,666,,
307685,2637,,
307691,718,,
307691,CMS022,,
307691,655,,
307691,2636,,
307691,465,,
307691,L00203,,
307697,718,,
307697,4448,,
307697,931,,
307697,446,,
307697,804,,
307697,965,,
307703,718,,
307703,L39802,,
307703,454,,
307703,945,,
307703,666,,
307703,867,,
307709,282,,
307709,654,,
307709,1629,,
307709,2627,,
307709,L44069,,
299689,1610,,
299689,L38041,,
299689,719,,
299689,2049,,
299689,L27691,,
299689,L15621,,
299689,1984,,
299689,L21521,,
299689,L21485,,
299695,1610,,
299695,L38041,,
299695,719,,
299695,2049,,
299695,L27691,,
299695,L15621,,
299695,1984,,
299695,L21521,,
299695,L21485,,
299699,534,,
299699,1913,,
299699,703,,
299699,L38049,,
299699,L38049,,
299699,L27685,,
299699,531,,
299699,1628,,
299699,2693,,
299705,534,,
299705,1913,,
299705,703,,
299705,L38049,,
299705,L38049,,
299705,L27685,,
299705,531,,
299705,1628,,
299705,2693,,
307553,1628,,
307553,282,,
307553,373,,
307553,2050,,
307553,1723,,
307553,2690,,
307561,1628,,
307561,2836,,
307561,4070,,
307561,531,,
307561,2625,,
307561,1002,,
307569,1628,,
307569,2696,,
307569,5741,,
307569,373,,
307569,2700,,
307569,2693,,
307577,1628,,
307577,2625,,
307577,1002,,
307577,158,,
307583,1673,,
307583,1610,,
307583,2393,,
307583,158,,
307583,2112,,
307583,2639,,
301145,1673,,
301145,2393,,
301145,158,,
301145,2112,,
301145,2639,,
301145,1610,,
308175,534,,
308175,1913,,
308175,1913,,
308175,4668,,
308175,CL0405,,
308221,1673,,
308221,2393,,
308221,158,,
308221,2112,,
308221,2639,,
308221,1610,,
389235,534,,
389235,1913,,
389235,1913,,
389235,4668,,
389235,CL0405,,
389237,534,,
389237,1913,,
389237,1913,,
389237,4668,,
389237,CL0405,,
389239,534,,
389239,1913,,
389239,1913,,
389239,4668,,
389239,CL0405,,
389241,534,,
389241,1913,,
389241,1913,,
389241,4668,,
389241,CL0405,,
389243,534,,
389243,L15649,,
389243,L21521,,
389243,L21485,,
389243,L21487,,
389259,1628,,
389259,373,,
389259,282,,
389259,2050,,
389259,1723,,
389259,2690,,
389261,1673,,
389261,2393,,
389261,158,,
389261,2112,,
389261,2639,,
389261,1610,,
375747,534,,
375747,L15649,,
375747,L21485,,
375747,L21521,,
375747,L21487,,
388117,1673,,
388117,1610,,
388117,L24601,,
388117,158,,
388117,2639,,
388117,L24561,,
388119,1673,,
388119,1610,,
388119,L24601,,
388119,158,,
388119,2639,,
388119,L24561,,
388123,1673,,
388123,1610,,
388123,L24601,,
388123,158,,
388123,2639,,
388123,L24561,,
388125,1610,,
388125,L24601,,
388125,158,,
388125,2639,,
388125,L24561,,
388125,1673,,
388127,1610,,
388127,L24601,,
388127,158,,
388127,2639,,
388127,L24561,,
388127,1673,,
388129,1610,,
388129,L24601,,
388129,158,,
388129,2639,,
388129,L24561,,
388129,1673,,
388131,1610,,
388131,L24601,,
388131,158,,
388131,2639,,
388131,L24561,,
388131,1673,,
388133,534,,
388133,CL0405,,
388133,1913,,
388133,1913,,
388133,4668,,
388135,534,,
388135,CL0405,,
388135,1913,,
388135,1913,,
388135,4668,,
388137,534,,
388137,CL0405,,
388137,1913,,
388137,1913,,
388137,4668,,
388139,534,,
388139,CL0405,,
388139,1913,,
388139,1913,,
388139,4668,,
388141,534,,
388141,4404,,
388141,L46052,,
388141,L15647,,
388141,L38042,,
388143,534,,
388143,4404,,
388143,L46052,,
388143,L15647,,
388143,L38042,,
388145,534,,
388145,4404,,
388145,L46052,,
388145,L15647,,
388145,L38042,,
388147,534,,
388147,4404,,
388147,L46052,,
388147,L15647,,
388147,L38042,,
388149,534,,
388149,L21487,,
388149,L21485,,
388149,L21521,,
388149,L15649,,
388151,534,,
388151,L21487,,
388151,L21485,,
388151,L21521,,
388151,L15649,,
388153,534,,
388153,L21487,,
388153,L21485,,
388153,L21521,,
388153,L15649,,
321887,718,,
321887,570,,
321887,3683,,
321887,1002,,
321887,1610,,
321887,719,,
321887,2049,,
321887,L27691,,
321887,1984,,
321889,534,,
321889,L21487,,
321889,L21485,,
321889,L21521,,
321889,L15649,,
321891,534,,
321891,CL0405,,
321891,1913,,
321891,1913,,
321891,4668,,
321893,534,,
321893,L15647,,
321893,L46052,,
321893,4404,,
321893,L15650,,
374735,534,,
374735,1913,,
374735,1913,,
374735,4668,,
374735,CL0405,,
388487,1628,,
388487,282,,
388487,373,,
388487,2050,,
388487,1723,,
388487,2690,,
388489,1628,,
388489,282,,
388489,373,,
388489,2050,,
388489,1723,,
388489,2690,,
388491,1628,,
388491,282,,
388491,373,,
388491,2050,,
388491,1723,,
388491,2690,,
388493,1628,,
388493,282,,
388493,373,,
388493,2050,,
388493,1723,,
388493,2690,,
388495,1628,,
388495,2836,,
388495,4070,,
388495,531,,
388495,2625,,
388495,1002,,
388497,1628,,
388497,2836,,
388497,4070,,
388497,531,,
388497,2625,,
388497,1002,,
388499,1628,,
388499,2836,,
388499,4070,,
388499,531,,
388499,2625,,
388499,1002,,
388501,1628,,
388501,2836,,
388501,4070,,
388501,531,,
388501,2625,,
388501,1002,,
388503,1628,,
388503,2696,,
388503,5741,,
388503,373,,
388503,2700,,
388503,2693,,
388505,1628,,
388505,2696,,
388505,5741,,
388505,373,,
388505,2700,,
388505,2693,,
388507,1628,,
388507,2696,,
388507,5741,,
388507,373,,
388507,2700,,
388507,2693,,
388509,1628,,
388509,2696,,
388509,5741,,
388509,373,,
388509,2700,,
388509,2693,,
388511,1628,,
388511,2625,,
388511,1002,,
388511,158,,
388513,1628,,
388513,2625,,
388513,1002,,
388513,158,,
388515,1628,,
388515,2625,,
388515,1002,,
388515,158,,
388517,1628,,
388517,2625,,
388517,1002,,
388517,158,,
388519,1673,,
388519,1610,,
388519,2393,,
388519,158,,
388519,2112,,
388519,2639,,
388521,1673,,
388521,1610,,
388521,L24601,,
388521,158,,
388521,2639,,
388521,L24561,,
373841,1628,,
373841,282,,
373841,373,,
373841,2050,,
373841,1723,,
373841,2690,,
373851,1628,,
373851,2836,,
373851,4070,,
373851,531,,
373851,2625,,
373851,1002,,
373861,1628,,
373861,2696,,
373861,5741,,
373861,373,,
373861,2700,,
373861,2693,,
373871,1628,,
373871,2625,,
373871,1002,,
373871,158,,
388637,718,,
388637,4448,,
388637,1636,,
388637,2166,,
388637,666,,
388637,2637,,
388639,718,,
388639,4448,,
388639,1636,,
388639,2166,,
388639,666,,
388639,2637,,
388641,718,,
388641,4448,,
388641,1636,,
388641,2166,,
388641,666,,
388641,2637,,
388643,718,,
388643,4448,,
388643,1636,,
388643,2166,,
388643,666,,
388643,2637,,
388645,718,,
388645,CMS022,,
388645,655,,
388645,2636,,
388645,465,,
388645,L00203,,
388647,718,,
388647,CMS022,,
388647,655,,
388647,2636,,
388647,465,,
388647,L00203,,
388649,718,,
388649,CMS022,,
388649,655,,
388649,2636,,
388649,465,,
388649,L00203,,
388651,718,,
388651,CMS022,,
388651,655,,
388651,2636,,
388651,465,,
388651,L00203,,
388653,718,,
388653,4448,,
388653,931,,
388653,446,,
388653,804,,
388653,965,,
388655,718,,
388655,4448,,
388655,931,,
388655,446,,
388655,804,,
388655,965,,
388657,718,,
388657,4448,,
388657,931,,
388657,446,,
388657,804,,
388657,965,,
388659,718,,
388659,4448,,
388659,931,,
388659,446,,
388659,804,,
388659,965,,
388661,718,,
388661,L39802,,
388661,454,,
388661,945,,
388661,666,,
388661,867,,
388663,718,,
388663,L39802,,
388663,454,,
388663,945,,
388663,666,,
388663,867,,
388665,718,,
388665,L39802,,
388665,454,,
388665,945,,
388665,666,,
388665,867,,
388667,718,,
388667,L39802,,
388667,454,,
388667,945,,
388667,666,,
388667,867,,
388669,282,,
388669,654,,
388669,1629,,
388669,2627,,
388669,L44069,,
388671,282,,
388671,654,,
388671,1629,,
388671,2627,,
388671,L44069,,
388673,282,,
388673,654,,
388673,1629,,
388673,2627,,
388673,L44069,,
388675,282,,
388675,654,,
388675,1629,,
388675,2627,,
388675,L44069,,
387731,718,,
387731,570,,
387731,3683,,
387731,1002,,
387731,1610,,
387731,719,,
387731,2049,,
387731,L27691,,
387731,1984,,
387733,718,,
387733,570,,
387733,3683,,
387733,1002,,
387733,1610,,
387733,719,,
387733,2049,,
387733,L27691,,
387733,1984,,
387735,718,,
387735,570,,
387735,3683,,
387735,1002,,
387735,1610,,
387735,719,,
387735,2049,,
387735,L27691,,
387735,1984,,
389167,534,,
389167,L15649,,
389167,L21485,,
389167,L21521,,
389167,L21487,,
373363,1673,,
373363,1610,,
373363,L24601,,
373363,158,,
373363,2639,,
373363,L24561,,
373373,1610,,
373373,L24601,,
373373,158,,
373373,2639,,
373373,L24561,,
373373,1673,,
373383,534,,
373383,CL0405,,
373383,1913,,
373383,1913,,
373383,4668,,
373393,534,,
373393,4404,,
373393,L46052,,
373393,L15647,,
373393,L38042,,
373403,534,,
373403,L21487,,
373403,L21485,,
373403,L21521,,
373403,L15649,,
373453,1673,,
373453,1610,,
373453,L38041,,
373453,719,,
373453,2049,,
373453,L27691,,
373453,1984,,
373453,L15621,,
373453,L21485,,
373453,L21521,,
374031,718,,
374031,4448,,
374031,1636,,
374031,2166,,
374031,666,,
374031,2637,,
374041,718,,
374041,CMS022,,
374041,655,,
374041,2636,,
374041,465,,
374041,L00203,,
387621,534,,
387621,L21487,,
387621,L21485,,
387621,L21521,,
387621,L15649,,
387623,534,,
387623,L21487,,
387623,L21485,,
387623,L21521,,
387623,L15649,,
374051,718,,
374051,4448,,
374051,931,,
374051,446,,
374051,804,,
374051,965,,
387625,534,,
387625,L21487,,
387625,L21485,,
387625,L21521,,
387625,L15649,,
387627,534,,
387627,CL0405,,
387627,1913,,
387627,1913,,
387627,4668,,
387629,534,,
387629,CL0405,,
387629,1913,,
387629,1913,,
387629,4668,,
387631,534,,
387631,CL0405,,
387631,1913,,
387631,1913,,
387631,4668,,
374061,718,,
374061,L39802,,
374061,454,,
374061,945,,
374061,666,,
374061,867,,
387633,534,,
387633,L15647,,
387633,L46052,,
387633,4404,,
387633,L15650,,
387635,534,,
387635,L15647,,
387635,L46052,,
387635,4404,,
387635,L15650,,
387637,534,,
387637,L15647,,
387637,L46052,,
387637,4404,,
387637,L15650,,
374071,282,,
374071,654,,
374071,1629,,
374071,2627,,
374071,L44069,,
267445,282,,
267445,2634,,
267445,654,,
267445,5186,,
267445,3087,,
267445,373,,
267447,282,,
267447,2691,,
267447,1629,,
267447,CMS095,,
267447,2697,,
267447,2628,,
267449,282,,
267449,2625,,
267449,531,,
267449,1002,,
267449,1628,,
267449,2693,,
267451,282,,
267451,L47107,,
267451,2699,,
267451,2884,,
267451,2695,,
267451,2845,,
310547,282,,
310547,2691,,
310547,1629,,
310547,CMS095,,
310547,2697,,
310547,373,,
310549,282,,
310549,1002,,
310549,531,,
310549,2625,,
310549,1628,,
310549,2693,,
277227,282,,
277227,2634,,
277227,5186,,
277227,654,,
277227,3087,,
277227,373,,
307715,282,,
307715,2625,,
307715,531,,
307715,1002,,
307715,1628,,
307715,2693,,
307721,282,,
307721,2691,,
307721,1629,,
307721,CMS095,,
307721,2697,,
307721,2628,,
307727,282,,
307727,2634,,
307727,654,,
307727,5186,,
307727,3087,,
307727,373,,
307733,282,,
307733,L47107,,
307733,2699,,
307733,2884,,
307733,2695,,
307733,2845,,
389263,282,,
389263,1002,,
389263,531,,
389263,2625,,
389263,1628,,
389263,2693,,
389265,282,,
389265,2691,,
389265,1629,,
389265,CMS095,,
389265,2697,,
389265,373,,
389267,282,,
389267,2634,,
389267,5186,,
389267,654,,
389267,3087,,
389267,373,,
321873,719,,
321873,1181,,
321873,1218,,
321873,13,,
321873,L01218,,
321873,L01211,,
321873,L27684,,
321873,L27685,,
321873,CMS003,,
321873,2838,,
321873,2822,,
321873,2839,,
321881,719,,
321881,1181,,
321881,1218,,
321881,13,,
321881,L01218,,
321881,L01211,,
321881,L27684,,
321881,L27685,,
321881,CMS003,,
321881,2838,,
321881,2822,,
321881,2839,,
321881,2847,,
321895,282,,
321895,2693,,
321895,1628,,
321895,2625,,
321895,158,,
321895,13,,
321895,1181,,
321895,2049,,
321907,719,,
321907,13,,
321907,L01218,,
321907,L01211,,
321907,1218,,
321907,4263,,
321911,719,,
321911,4263,,
321911,13,,
321911,L01218,,
321911,L01211,,
321911,1218,,
321913,719,,
321913,2049,,
321913,L15663,,
321913,6233,,
321913,3907,,
321913,L01215,,
321913,1181,,
321915,719,,
321915,1181,,
321915,L01215,,
321915,3907,,
321915,6233,,
321915,L15663,,
321915,2049,,
321917,719,,
321917,1984,,
321917,L15621,,
321917,L27691,,
321917,2049,,
321917,1181,,
388677,282,,
388677,2625,,
388677,531,,
388677,1002,,
388677,1628,,
388677,2693,,
388679,282,,
388679,2625,,
388679,531,,
388679,1002,,
388679,1628,,
388679,2693,,
388681,282,,
388681,2625,,
388681,531,,
388681,1002,,
388681,1628,,
388681,2693,,
388683,282,,
388683,2625,,
388683,531,,
388683,1002,,
388683,1628,,
388683,2693,,
388685,282,,
388685,2691,,
388685,1629,,
388685,CMS095,,
388685,2697,,
388685,2628,,
388687,282,,
388687,2691,,
388687,1629,,
388687,CMS095,,
388687,2697,,
388687,2628,,
388689,282,,
388689,2691,,
388689,1629,,
388689,CMS095,,
388689,2697,,
388689,2628,,
388691,282,,
388691,2691,,
388691,1629,,
388691,CMS095,,
388691,2697,,
388691,2628,,
388693,282,,
388693,2634,,
388693,654,,
388693,5186,,
388693,3087,,
388693,373,,
388695,282,,
388695,2634,,
388695,654,,
388695,5186,,
388695,3087,,
388695,373,,
388697,282,,
388697,2634,,
388697,654,,
388697,5186,,
388697,3087,,
388697,373,,
388699,282,,
388699,2634,,
388699,654,,
388699,5186,,
388699,3087,,
388699,373,,
388701,282,,
388701,L47107,,
388701,2699,,
388701,2884,,
388701,2695,,
388701,2845,,
388703,282,,
388703,L47107,,
388703,2699,,
388703,2884,,
388703,2695,,
388703,2845,,
388705,282,,
388705,L47107,,
388705,2699,,
388705,2884,,
388705,2695,,
388705,2845,,
388707,282,,
388707,L47107,,
388707,2699,,
388707,2884,,
388707,2695,,
388707,2845,,
387737,282,,
387737,2693,,
387737,1628,,
387737,2625,,
387737,158,,
387737,13,,
387737,1181,,
387737,2049,,
387739,282,,
387739,2693,,
387739,1628,,
387739,2625,,
387739,158,,
387739,13,,
387739,1181,,
387739,2049,,
387741,282,,
387741,2693,,
387741,1628,,
387741,2625,,
387741,158,,
387741,13,,
387741,1181,,
387741,2049,,
387743,719,,
387743,1181,,
387743,1218,,
387743,13,,
387743,L01218,,
387743,L01211,,
387743,L27684,,
387743,L27685,,
387743,CMS003,,
387743,2838,,
387743,2822,,
387743,2839,,
387743,2847,,
387745,719,,
387745,1181,,
387745,1218,,
387745,13,,
387745,L01218,,
387745,L01211,,
387745,L27684,,
387745,L27685,,
387745,CMS003,,
387745,2838,,
387745,2822,,
387745,2839,,
387745,2847,,
387747,719,,
387747,1181,,
387747,1218,,
387747,13,,
387747,L01218,,
387747,L01211,,
387747,L27684,,
387747,L27685,,
387747,CMS003,,
387747,2838,,
387747,2822,,
387747,2839,,
387747,2847,,
387749,719,,
387749,1181,,
387749,1218,,
387749,13,,
387749,L01218,,
387749,L01211,,
387749,L27684,,
387749,L27685,,
387749,CMS003,,
387749,2838,,
387749,2822,,
387749,2839,,
389163,719,,
389163,4263,,
389163,13,,
389163,L01218,,
389163,L01211,,
389163,1218,,
389165,719,,
389165,1181,,
389165,L01215,,
389165,3907,,
389165,6233,,
389165,L15663,,
389165,2049,,
387603,719,,
387603,13,,
387603,L01218,,
387603,L01211,,
387603,1218,,
387603,4263,,
387605,719,,
387605,13,,
387605,L01218,,
387605,L01211,,
387605,1218,,
387605,4263,,
387607,719,,
387607,13,,
387607,L01218,,
387607,L01211,,
387607,1218,,
387607,4263,,
387609,719,,
387609,1984,,
387609,L15621,,
387609,L27691,,
387609,2049,,
387609,1181,,
387611,719,,
387611,1984,,
387611,L15621,,
387611,L27691,,
387611,2049,,
387611,1181,,
387613,719,,
387613,1984,,
387613,L15621,,
387613,L27691,,
387613,2049,,
387613,1181,,
387615,719,,
387615,2049,,
387615,L15663,,
387615,6233,,
387615,3907,,
387615,L01215,,
387615,1181,,
387617,719,,
387617,2049,,
387617,L15663,,
387617,6233,,
387617,3907,,
387617,L01215,,
387617,1181,,
387619,719,,
387619,2049,,
387619,L15663,,
387619,6233,,
387619,3907,,
387619,L01215,,
387619,1181,,
374081,282,,
374081,2625,,
374081,531,,
374081,1002,,
374081,1628,,
374081,2693,,
374091,282,,
374091,2691,,
374091,1629,,
374091,CMS095,,
374091,2697,,
374091,2628,,
374101,282,,
374101,2634,,
374101,654,,
374101,5186,,
374101,3087,,
374101,373,,
374111,282,,
374111,L47107,,
374111,2699,,
374111,2884,,
374111,2695,,
374111,2845,,
43069,282,,
43069,2634,,
43069,654,,
43069,CMS095,,
43069,3087,,
43069,373,,
43073,282,,
43073,2634,,
43073,654,,
43073,CMS095,,
43073,3087,,
43073,2628,,
43075,282,,
43075,2625,,
43075,531,,
43075,1002,,
43075,1628,,
43075,2693,,
47839,282,,
47839,2693,,
47839,1002,,
47839,1610,,
47839,13,,
47839,L01218,,
47839,1218,,
47839,1181,,
47841,719,,
47841,2049,,
47841,3907,,
47841,6233,,
47841,L01215,,
47841,L15663,,
47841,1181,,
47843,719,,
47843,6233,,
47843,L01215,,
47843,1181,,
47843,3907,,
47843,2049,,
47843,L15663,,
47847,719,,
47847,4263,,
47847,13,,
47847,L01218,,
47847,1218,,
47847,L01211,,
47849,719,,
47849,4263,,
47849,13,,
47849,1218,,
47849,L01218,,
47849,L01211,,
47851,719,,
47851,4263,,
47851,1218,,
47851,13,,
47851,L01218,,
47851,L01211,,
47875,719,,
47875,1984,,
47875,L15621,,
47875,L27691,,
47875,2049,,
47875,1181,,
47877,719,,
47877,1984,,
47877,L15621,,
47877,L27691,,
47877,2049,,
47877,1181,,
47879,719,,
47879,13,,
47879,L01211,,
47879,6233,,
47879,1181,,
47879,719,,
47881,719,,
47881,1181,,
47881,13,,
47881,158,,
47881,1628,,
47881,2050,,
42731,282,,
42731,L34781,,
42731,2699,,
42731,5741,,
42731,3090,,
42731,2050,,
42733,282,,
42733,1002,,
42733,531,,
42733,2625,,
42733,1628,,
42733,2693,,
42735,282,,
42735,2884,,
42735,654,,
42735,CMS095,,
42735,3087,,
42735,373,,
42727,282,,
42727,2634,,
42727,654,,
42727,CMS095,,
42727,3087,,
42727,373,,
42729,282,,
42729,2627,,
42729,1629,,
42729,2699,,
42729,2697,,
42729,2628,,
71823,282,,
71823,2634,,
71823,654,,
71823,CMS095,,
71823,3087,,
71823,373,,
71825,282,,
71825,1002,,
71825,531,,
71825,2625,,
71825,1628,,
71825,2693,,
71839,282,,
71839,2634,,
71839,654,,
71839,CMS095,,
71839,3087,,
71839,373,,
103933,282,,
103933,2693,,
103933,1002,,
103933,1610,,
103933,13,,
103933,L01218,,
103933,1218,,
103933,1181,,
103945,282,,
103945,2634,,
103945,654,,
103945,CMS095,,
103945,3087,,
103945,2628,,
103947,282,,
103947,2634,,
103947,654,,
103947,CMS095,,
103947,3087,,
103947,373,,
103987,719,,
103987,6233,,
103987,L01215,,
103987,1181,,
103987,3907,,
103987,2049,,
103987,L15663,,
103989,719,,
103989,6233,,
103989,3907,,
103989,L01215,,
103989,L15663,,
103989,2049,,
103989,1181,,
42469,282,,
42469,2634,,
42469,654,,
42469,CMS095,,
42469,3087,,
42469,373,,
42471,282,,
42471,2627,,
42471,1629,,
42471,2699,,
42471,2697,,
42471,373,,
42473,282,,
42473,2634,,
42473,654,,
42473,CMS095,,
42473,3087,,
42473,2628,,
42475,282,,
42475,2625,,
42475,531,,
42475,1002,,
42475,1628,,
42475,2693,,
43255,282,,
43255,2634,,
43255,654,,
43255,CMS095,,
43255,3087,,
43255,373,,
43261,282,,
43261,1002,,
43261,531,,
43261,2625,,
43261,1628,,
43261,2693,,
43733,282,,
43733,2634,,
43733,654,,
43733,CMS095,,
43733,3087,,
43733,373,,
43735,282,,
43735,1002,,
43735,531,,
43735,2625,,
43735,1628,,
43735,2693,,
43737,282,,
43737,2627,,
43737,1629,,
43737,5186,,
43737,2697,,
43737,2628,,
43739,282,,
43739,L34781,,
43739,5186,,
43739,5741,,
43739,3090,,
43739,2050,,
43749,282,,
43749,2634,,
43749,654,,
43749,CMS095,,
43749,3087,,
43749,373,,
43805,282,,
43805,2634,,
43805,654,,
43805,CMS095,,
43805,3087,,
43805,2628,,
43807,282,,
43807,2625,,
43807,531,,
43807,1002,,
43807,1628,,
43807,2693,,
43809,282,,
43809,2627,,
43809,1629,,
43809,5186,,
43809,2697,,
43809,373,,
160123,719,,
160123,4263,,
160123,13,,
160123,L01218,,
160123,1218,,
160123,L01211,,
160125,719,,
160125,L01211,,
160125,L01218,,
160125,13,,
160125,1218,,
160125,4263,,
160127,719,,
160127,4263,,
160127,13,,
160127,L01218,,
160127,L01211,,
160127,1218,,
66179,719,,
66179,L15663,,
66179,13,,
66179,L01218,,
66179,1218,,
66179,L01211,,
66181,719,,
66181,L01211,,
66181,L01218,,
66181,13,,
66181,1218,,
66181,3907,,
120459,282,,
120459,2634,,
120459,654,,
120459,CMS095,,
120459,3087,,
120459,373,,
120467,282,,
120467,1002,,
120467,531,,
120467,2625,,
120467,1628,,
120467,2693,,
66107,719,,
66107,6233,,
66107,3907,,
66107,L01215,,
66107,L15663,,
66107,2049,,
66107,1181,,
66177,719,,
66177,L01211,,
66177,L01218,,
66177,1218,,
66177,13,,
66177,4263,,
120475,282,,
120475,2627,,
120475,1629,,
120475,5186,,
120475,2697,,
120475,2628,,
120483,282,,
120483,L34781,,
120483,5186,,
120483,5741,,
120483,3090,,
120483,2050,,
121087,282,,
121087,2634,,
121087,654,,
121087,CMS095,,
121087,3087,,
121087,2628,,
121095,282,,
121095,2634,,
121095,654,,
121095,CMS095,,
121095,3087,,
121095,373,,
164205,282,,
164205,2634,,
164205,654,,
164205,CMS095,,
164205,3087,,
164205,373,,
164215,282,,
164215,1002,,
164215,531,,
164215,2625,,
164215,1628,,
164215,2693,,
71927,719,,
71927,2049,,
71927,3907,,
71927,6233,,
71927,L01215,,
71927,L15663,,
71927,1181,,
71929,719,,
71929,4263,,
71929,13,,
71929,L01218,,
71929,1218,,
71929,L01211,,
71931,719,,
71931,1984,,
71931,L15621,,
71931,L27691,,
71931,2049,,
71931,1181,,
71933,719,,
71933,13,,
71933,L01211,,
71933,6233,,
71933,1181,,
71933,719,,
71935,282,,
71935,2693,,
71935,1002,,
71935,1610,,
71935,13,,
71935,L01218,,
71935,1218,,
71935,1181,,
71937,719,,
71937,1181,,
71937,13,,
71937,158,,
71937,1628,,
71937,2050,,
72033,282,,
72033,2634,,
72033,654,,
72033,CMS095,,
72033,3087,,
72033,2628,,
72035,282,,
72035,2625,,
72035,531,,
72035,1002,,
72035,1628,,
72035,2693,,
164225,282,,
164225,2627,,
164225,1629,,
164225,5186,,
164225,2697,,
164225,2628,,
164235,282,,
164235,L34781,,
164235,5186,,
164235,5741,,
164235,3090,,
164235,2050,,
104181,719,,
104181,2049,,
104181,3907,,
104181,6233,,
104181,L01215,,
104181,L15663,,
104181,1181,,
104183,719,,
104183,4263,,
104183,13,,
104183,L01218,,
104183,1218,,
104183,L01211,,
104185,719,,
104185,1984,,
104185,L15621,,
104185,L27691,,
104185,2049,,
104185,1181,,
104187,719,,
104187,13,,
104187,L01211,,
104187,6233,,
104187,1181,,
104187,719,,
104189,719,,
104189,1181,,
104189,13,,
104189,158,,
104189,1628,,
104189,2050,,
104225,719,,
104225,1984,,
104225,L15621,,
104225,L27691,,
104225,2049,,
104225,1181,,
104033,282,,
104033,2634,,
104033,654,,
104033,CMS095,,
104033,3087,,
104033,373,,
104035,282,,
104035,1002,,
104035,531,,
104035,2625,,
104035,1628,,
104035,2693,,
101677,282,,
101677,2634,,
101677,654,,
101677,CMS095,,
101677,3087,,
101677,373,,
101685,282,,
101685,1002,,
101685,531,,
101685,2625,,
101685,1628,,
101685,2693,,
165319,282,,
165319,373,,
165319,3087,,
165319,CMS095,,
165319,654,,
165319,2634,,
163747,719,,
163747,4263,,
163747,13,,
163747,L01218,,
163747,1218,,
163747,L01211,,
105819,282,,
105819,2627,,
105819,1629,,
105819,5186,,
105819,2697,,
105819,2628,,
105823,282,,
105823,2627,,
105823,1629,,
105823,5186,,
105823,2697,,
105823,2628,,
105829,282,,
105829,2627,,
105829,1629,,
105829,5186,,
105829,2697,,
105829,2628,,
105831,282,,
105831,2627,,
105831,1629,,
105831,5186,,
105831,2697,,
105831,2628,,
105833,282,,
105833,L34781,,
105833,5186,,
105833,5741,,
105833,3090,,
105833,2050,,
105837,282,,
105837,L34781,,
105837,5186,,
105837,5741,,
105837,3090,,
105837,2050,,
105843,282,,
105843,L34781,,
105843,5186,,
105843,5741,,
105843,3090,,
105843,2050,,
105845,282,,
105845,L34781,,
105845,5186,,
105845,5741,,
105845,3090,,
105845,2050,,
105847,282,,
105847,2627,,
105847,1629,,
105847,5186,,
105847,2697,,
105847,373,,
105853,282,,
105853,2627,,
105853,1629,,
105853,5186,,
105853,2697,,
105853,373,,
106095,282,,
106095,2627,,
106095,1629,,
106095,5186,,
106095,2697,,
106095,2628,,
106097,282,,
106097,2628,,
106097,2697,,
106097,5186,,
106097,1629,,
106097,2627,,
106099,282,,
106099,373,,
106099,3087,,
106099,CMS095,,
106099,654,,
106099,2634,,
106101,282,,
106101,2634,,
106101,654,,
106101,CMS095,,
106101,3087,,
106101,373,,
106103,282,,
106103,1002,,
106103,531,,
106103,2625,,
106103,1628,,
106103,2693,,
106105,282,,
106105,L44068,,
106105,5741,,
106105,2695,,
106105,3798,,
106105,2050,,
258209,282,,
258209,1002,,
258209,531,,
258209,2625,,
258209,1628,,
258209,2693,,
258213,282,,
258213,1002,,
258213,531,,
258213,2625,,
258213,1628,,
258213,2693,,
258221,282,,
258221,L44068,,
258221,5741,,
258221,2695,,
258221,3798,,
258221,2050,,
258225,282,,
258225,L44068,,
258225,5741,,
258225,2695,,
258225,3798,,
258225,2050,,
125255,719,,
125255,13,,
125255,L01211,,
125255,6233,,
125255,1181,,
125255,719,,
125761,719,,
125761,1181,,
125761,13,,
125761,158,,
125761,1628,,
125761,2050,,
125779,282,,
125779,2625,,
125779,531,,
125779,1002,,
125779,1628,,
125779,2693,,
125781,282,,
125781,2627,,
125781,1629,,
125781,5186,,
125781,2697,,
125781,373,,
125791,719,,
125791,L01211,,
125791,L01218,,
125791,13,,
125791,1218,,
125791,3907,,
125793,719,,
125793,L15663,,
125793,13,,
125793,L01218,,
125793,1218,,
125793,L01211,,
125795,719,,
125795,L01211,,
125795,L01218,,
125795,1218,,
125795,13,,
125795,4263,,
125797,719,,
125797,4263,,
125797,1218,,
125797,13,,
125797,L01218,,
125797,L01211,,
125799,719,,
125799,4263,,
125799,13,,
125799,1218,,
125799,L01218,,
125799,L01211,,
165577,719,,
165577,1984,,
165577,L15621,,
165577,L27691,,
165577,2049,,
165577,1181,,
120903,282,,
120903,2693,,
120903,1002,,
120903,1610,,
120903,13,,
120903,L01218,,
120903,1218,,
120903,1181,,
259179,282,,
259179,2634,,
259179,654,,
259179,CMS095,,
259179,3087,,
259179,373,,
259183,282,,
259183,2634,,
259183,654,,
259183,CMS095,,
259183,3087,,
259183,2628,,
259187,282,,
259187,2634,,
259187,654,,
259187,CMS095,,
259187,3087,,
259187,2628,,
259191,282,,
259191,2634,,
259191,654,,
259191,CMS095,,
259191,3087,,
259191,373,,
259199,282,,
259199,2625,,
259199,531,,
259199,1002,,
259199,1628,,
259199,2693,,
259205,282,,
259205,2625,,
259205,531,,
259205,1002,,
259205,1628,,
259205,2693,,
259207,282,,
259207,2627,,
259207,1629,,
259207,5186,,
259207,2697,,
259207,373,,
259211,282,,
259211,2627,,
259211,1629,,
259211,5186,,
259211,2697,,
259211,373,,
154747,282,,
154747,3588,,
154747,676,,
154747,5186,,
154747,2697,,
154747,2628,,
257587,282,,
257587,2634,,
257587,654,,
257587,CMS095,,
257587,3087,,
257587,373,,
257591,282,,
257591,2634,,
257591,654,,
257591,CMS095,,
257591,3087,,
257591,373,,
257597,282,,
257597,1002,,
257597,531,,
257597,2625,,
257597,1628,,
257597,2693,,
257601,282,,
257601,1002,,
257601,531,,
257601,2625,,
257601,1628,,
257601,2693,,
257607,282,,
257607,2627,,
257607,1629,,
257607,5186,,
257607,2697,,
257607,2628,,
257611,282,,
257611,2627,,
257611,1629,,
257611,5186,,
257611,2697,,
257611,2628,,
124935,719,,
124935,2049,,
124935,3907,,
124935,6233,,
124935,L01215,,
124935,L15663,,
124935,1181,,
257617,282,,
257617,L34781,,
257617,5186,,
257617,5741,,
257617,3090,,
257617,2050,,
257621,282,,
257621,L34781,,
257621,5186,,
257621,5741,,
257621,3090,,
257621,2050,,
124943,719,,
124943,4263,,
124943,13,,
124943,L01218,,
124943,1218,,
124943,L01211,,
124951,719,,
124951,1984,,
124951,L15621,,
124951,L27691,,
124951,2049,,
124951,1181,,
267395,1628,,
267395,531,,
267395,4070,,
267395,2836,,
267395,L27761,,
267395,2820,,
267395,L47106,,
267395,CMS003,,
267395,3441,,
267395,2839,,
267395,2822,,
267395,2847,,
267397,1628,,
267397,531,,
267397,4070,,
267397,2836,,
267397,L27761,,
267397,2820,,
267397,L47106,,
267397,CMS003,,
267397,3441,,
267397,2839,,
267397,2822,,
267399,2849,,
267399,591,,
267399,2828,,
267399,2825,,
267399,784,,
267399,784,,
267399,2824,,
267399,396,,
267399,2841,,
267399,CMS201,,
267401,2849,,
267401,2830,,
267401,590,,
267401,2831,,
267401,1439,,
267401,2829,,
267403,2849,,
267403,L29646,,
267403,2826,,
267403,396,,
267403,2825,,
267403,784,,
267403,784,,
267403,2824,,
267403,2841,,
267403,CMS201,,
267435,2847,,
267435,591,,
267435,396,,
267435,2825,,
267435,784,,
267435,784,,
267435,2824,,
267435,2841,,
267435,CMS201,,
267435,2839,,
267437,2847,,
267437,L44064,,
267437,613,,
267437,613,,
267437,2839,,
267437,2822,,
267437,3441,,
267439,2847,,
267439,1439,,
267439,2829,,
267439,2830,,
267439,590,,
267439,CMS006,,
267439,2833,,
267439,2835,,
267439,L44071,,
267439,2834,,
267439,CMS025,,
267433,2847,,
267433,L29645,,
267433,2840,,
267433,L25266,,
267433,2829,,
267433,CMS025,,
267441,2847,,
267441,CMS003,,
267441,CMS004,,
267441,2820,,
267441,2867,,
267441,2836,,
267443,2849,,
267443,L29482,,
267443,2839,,
267467,2849,,
267467,1439,,
267467,590,,
267467,2830,,
267467,2831,,
267467,2829,,
267469,2849,,
267469,L26343,,
267469,L47118,,
267469,2833,,
267469,2835,,
267469,L44071,,
267469,2829,,
267469,2831,,
267469,3435,,
267469,1439,,
267471,2849,,
267471,2828,,
267471,2825,,
267471,784,,
267471,784,,
267471,2824,,
267471,2266,,
267471,L47722,,
267471,CMS201,,
267471,591,,
267473,2849,,
267473,622,,
267473,CMS020,,
267473,CMS017,,
267473,CMS006,,
267473,3435,,
267473,2829,,
267473,L29645,,
267473,L25263,,
267473,L23103,,
267475,2849,,
267475,2829,,
267475,L29645,,
267475,2840,,
267475,L47222,,
259431,719,,
259431,6233,,
259431,L01215,,
259431,1181,,
259431,3907,,
259431,2049,,
259431,L15663,,
259435,719,,
259435,6233,,
259435,L01215,,
259435,1181,,
259435,3907,,
259435,2049,,
259435,L15663,,
115407,282,,
115407,373,,
115407,2697,,
115407,5186,,
115407,1629,,
115407,2627,,
165329,282,,
165329,2634,,
165329,654,,
165329,CMS095,,
165329,3087,,
165329,2628,,
165339,282,,
165339,2634,,
165339,654,,
165339,CMS095,,
165339,3087,,
165339,373,,
165349,282,,
165349,2634,,
165349,654,,
165349,CMS095,,
165349,3087,,
165349,373,,
165367,282,,
165367,1002,,
165367,531,,
165367,2625,,
165367,1628,,
165367,2693,,
165385,282,,
165385,2628,,
165385,2697,,
165385,5186,,
165385,1629,,
165385,2627,,
258185,282,,
258185,2634,,
258185,654,,
258185,CMS095,,
258185,3087,,
258185,373,,
258189,282,,
258189,2634,,
258189,654,,
258189,CMS095,,
258189,3087,,
258189,373,,
165397,282,,
165397,2627,,
165397,1629,,
165397,5186,,
165397,2697,,
165397,2628,,
258197,282,,
258197,2627,,
258197,1629,,
258197,5186,,
258197,2697,,
258197,2628,,
165409,282,,
165409,L44068,,
165409,5741,,
165409,2695,,
165409,3798,,
165409,2050,,
258201,282,,
258201,2627,,
258201,1629,,
258201,5186,,
258201,2697,,
258201,2628,,
125067,719,,
125067,6233,,
125067,L01215,,
125067,1181,,
125067,3907,,
125067,2049,,
125067,L15663,,
125071,719,,
125071,6233,,
125071,3907,,
125071,L01215,,
125071,L15663,,
125071,2049,,
125071,1181,,
125099,719,,
125099,1984,,
125099,L15621,,
125099,L27691,,
125099,2049,,
125099,1181,,
262469,719,,
262469,1218,,
262469,L01218,,
262469,L01211,,
262469,13,,
262469,L15663,,
307951,719,,
307951,2049,,
307951,3907,,
307951,6233,,
307951,L01215,,
307951,L15663,,
307951,1181,,
307955,719,,
307955,4263,,
307955,13,,
307955,L01218,,
307955,1218,,
307955,L01211,,
307959,719,,
307959,1984,,
307959,L15621,,
307959,L27691,,
307959,2049,,
307959,1181,,
307963,719,,
307963,13,,
307963,L01211,,
307963,6233,,
307963,1181,,
307963,719,,
307967,282,,
307967,2693,,
307967,1002,,
307967,1610,,
307967,13,,
307967,L01218,,
307967,1218,,
307967,1181,,
307971,719,,
307971,1181,,
307971,13,,
307971,158,,
307971,1628,,
307971,2050,,
165001,719,,
165001,2049,,
165001,3907,,
165001,6233,,
165001,L01215,,
165001,L15663,,
165001,1181,,
165011,719,,
165011,4263,,
165011,13,,
165011,L01218,,
165011,1218,,
165011,L01211,,
165021,719,,
165021,1984,,
165021,L15621,,
165021,L27691,,
165021,2049,,
165021,1181,,
165031,719,,
165031,13,,
165031,L01211,,
165031,6233,,
165031,1181,,
165031,719,,
165041,282,,
165041,2693,,
165041,1002,,
165041,1610,,
165041,13,,
165041,L01218,,
165041,1218,,
165041,1181,,
165051,719,,
165051,1181,,
165051,13,,
165051,158,,
165051,1628,,
165051,2050,,
307373,282,,
307373,2634,,
307373,654,,
307373,CMS095,,
307373,3087,,
307373,373,,
307379,282,,
307379,2627,,
307379,1629,,
307379,5186,,
307379,2697,,
307379,2628,,
307385,282,,
307385,1002,,
307385,531,,
307385,2625,,
307385,1628,,
307385,2693,,
300711,719,,
300711,1181,,
300711,13,,
300711,158,,
300711,1628,,
300711,2050,,
190639,719,,
190639,L01218,,
190639,L01211,,
190639,1218,,
190639,13,,
190639,L15663,,
190641,719,,
190641,L01211,,
190641,L01218,,
190641,1218,,
190641,13,,
190641,L15663,,
190643,719,,
190643,L01218,,
190643,L01211,,
190643,1218,,
190643,13,,
190643,4263,,
190671,719,,
190671,1984,,
190671,L15621,,
190671,L27691,,
190671,2049,,
190671,1181,,
190673,719,,
190673,1181,,
190673,2049,,
190673,L15621,,
190673,L27691,,
190673,1984,,
190675,719,,
190675,1181,,
190675,2049,,
190675,L15621,,
190675,L27691,,
190675,1984,,
190677,282,,
190677,2693,,
190677,1628,,
190677,158,,
190677,13,,
190677,2272,,
190677,L46050,,
190677,1218,,
190677,1181,,
190679,719,,
190679,1181,,
190679,1218,,
190679,13,,
190679,158,,
190679,2625,,
190679,1002,,
209045,719,,
209045,1181,,
209045,L01215,,
209045,2272,,
209045,L46050,,
209045,3907,,
209045,2049,,
259335,282,,
259335,373,,
259335,3087,,
259335,CMS095,,
259335,654,,
259335,2634,,
259337,282,,
259337,373,,
259337,3087,,
259337,CMS095,,
259337,654,,
259337,2634,,
259347,282,,
259347,2628,,
259347,2697,,
259347,5186,,
259347,1629,,
259347,2627,,
259351,282,,
259351,2628,,
259351,2697,,
259351,5186,,
259351,1629,,
259351,2627,,
301089,282,,
301089,373,,
301089,3087,,
301089,CMS095,,
301089,654,,
301089,2634,,
301093,282,,
301093,373,,
301093,3087,,
301093,CMS095,,
301093,654,,
301093,2634,,
301099,282,,
301099,2628,,
301099,2697,,
301099,5186,,
301099,1629,,
301099,2627,,
301107,282,,
301107,2628,,
301107,2697,,
301107,5186,,
301107,1629,,
301107,2627,,
165509,719,,
165509,6233,,
165509,3907,,
165509,L01215,,
165509,L15663,,
165509,2049,,
165509,1181,,
165525,719,,
165525,6233,,
165525,L01215,,
165525,1181,,
165525,3907,,
165525,2049,,
165525,L15663,,
327989,3157,,
327989,3157,,
327989,3157,,
327989,CMS105,,
327989,CMS105,,
327989,CMS018,,
327989,867,,
327987,3157,,
327987,3157,,
327987,CMS105,,
327987,CMS105,,
327987,CMS018,,
327987,867,,
327991,2111,,
327991,3989,,
327991,3157,,
327991,3157,,
327991,3157,,
327991,CMS105,,
327991,CMS105,,
327991,CMS018,,
327991,867,,
307193,719,,
307193,1984,,
307193,L15621,,
307193,L27691,,
307193,2049,,
307193,1181,,
307199,719,,
307199,L01218,,
307199,L01211,,
307199,1218,,
307199,13,,
307199,L15663,,
307205,719,,
307205,1181,,
307205,L01215,,
307205,2272,,
307205,L46050,,
307205,3907,,
307205,2049,,
307253,282,,
307253,2693,,
307253,1628,,
307253,158,,
307253,13,,
307253,2272,,
307253,L46050,,
307253,1218,,
307253,1181,,
307259,719,,
307259,1181,,
307259,1218,,
307259,13,,
307259,158,,
307259,2625,,
307259,1002,,
258911,719,,
258911,1984,,
258911,L15621,,
258911,L27691,,
258911,2049,,
258911,1181,,
258915,719,,
258915,1984,,
258915,L15621,,
258915,L27691,,
258915,2049,,
258915,1181,,
258923,719,,
258923,13,,
258923,L01211,,
258923,6233,,
258923,1181,,
258923,719,,
258927,719,,
258927,13,,
258927,L01211,,
258927,6233,,
258927,1181,,
258927,719,,
258935,282,,
258935,2693,,
258935,1002,,
258935,1610,,
258935,13,,
258935,L01218,,
258935,1218,,
258935,1181,,
258939,282,,
258939,2693,,
258939,1002,,
258939,1610,,
258939,13,,
258939,L01218,,
258939,1218,,
258939,1181,,
258945,719,,
258945,1181,,
258945,13,,
258945,158,,
258945,1628,,
258945,2050,,
258949,719,,
258949,1181,,
258949,13,,
258949,158,,
258949,1628,,
258949,2050,,
299659,282,,
299659,2693,,
299659,1628,,
299659,158,,
299659,13,,
299659,2272,,
299659,L46050,,
299659,1218,,
299659,1181,,
299665,282,,
299665,2693,,
299665,1628,,
299665,158,,
299665,13,,
299665,2272,,
299665,L46050,,
299665,1218,,
299665,1181,,
299669,719,,
299669,1181,,
299669,1218,,
299669,13,,
299669,158,,
299669,2625,,
299669,1002,,
299675,719,,
299675,1181,,
299675,1218,,
299675,13,,
299675,158,,
299675,2625,,
299675,1002,,
258887,719,,
258887,2049,,
258887,3907,,
258887,6233,,
258887,L01215,,
258887,L15663,,
258887,1181,,
258891,719,,
258891,2049,,
258891,3907,,
258891,6233,,
258891,L01215,,
258891,L15663,,
258891,1181,,
258899,719,,
258899,4263,,
258899,13,,
258899,L01218,,
258899,1218,,
258899,L01211,,
258903,719,,
258903,4263,,
258903,13,,
258903,L01218,,
258903,1218,,
258903,L01211,,
259449,719,,
259449,6233,,
259449,3907,,
259449,L01215,,
259449,L15663,,
259449,2049,,
259449,1181,,
259453,719,,
259453,L01211,,
259453,L01218,,
259453,13,,
259453,1218,,
259453,3907,,
259469,719,,
259469,L01211,,
259469,L01218,,
259469,13,,
259469,1218,,
259469,3907,,
259477,719,,
259477,L15663,,
259477,13,,
259477,L01218,,
259477,1218,,
259477,L01211,,
259481,719,,
259481,L15663,,
259481,13,,
259481,L01218,,
259481,1218,,
259481,L01211,,
259489,719,,
259489,L01211,,
259489,L01218,,
259489,1218,,
259489,13,,
259489,4263,,
259491,719,,
259491,L01211,,
259491,L01218,,
259491,1218,,
259491,13,,
259491,4263,,
259501,719,,
259501,4263,,
259501,1218,,
259501,13,,
259501,L01218,,
259501,L01211,,
259505,719,,
259505,4263,,
259505,13,,
259505,1218,,
259505,L01218,,
259505,L01211,,
259509,719,,
259509,4263,,
259509,13,,
259509,1218,,
259509,L01218,,
259509,L01211,,
259441,719,,
259441,6233,,
259441,3907,,
259441,L01215,,
259441,L15663,,
259441,2049,,
259441,1181,,
259517,719,,
259517,4263,,
259517,1218,,
259517,13,,
259517,L01218,,
259517,L01211,,
259519,719,,
259519,1984,,
259519,L15621,,
259519,L27691,,
259519,2049,,
259519,1181,,
259523,719,,
259523,1984,,
259523,L15621,,
259523,L27691,,
259523,2049,,
259523,1181,,
388173,282,,
388173,2693,,
388173,1628,,
388173,158,,
388173,13,,
388173,2272,,
388173,L46050,,
388173,1218,,
388173,1181,,
388175,282,,
388175,2693,,
388175,1628,,
388175,158,,
388175,13,,
388175,2272,,
388175,L46050,,
388175,1218,,
388175,1181,,
388177,282,,
388177,2693,,
388177,1628,,
388177,158,,
388177,13,,
388177,2272,,
388177,L46050,,
388177,1218,,
388177,1181,,
388179,282,,
388179,2693,,
388179,1628,,
388179,158,,
388179,13,,
388179,2272,,
388179,L46050,,
388179,1218,,
388179,1181,,
388181,719,,
388181,1181,,
388181,1218,,
388181,13,,
388181,158,,
388181,2625,,
388181,1002,,
388183,719,,
388183,1181,,
388183,1218,,
388183,13,,
388183,158,,
388183,2625,,
388183,1002,,
388185,719,,
388185,1181,,
388185,1218,,
388185,13,,
388185,158,,
388185,2625,,
388185,1002,,
388187,719,,
388187,1181,,
388187,1218,,
388187,13,,
388187,158,,
388187,2625,,
388187,1002,,
299835,282,,
299835,2634,,
299835,654,,
299835,CMS095,,
299835,3087,,
299835,373,,
299839,282,,
299839,2634,,
299839,654,,
299839,CMS095,,
299839,3087,,
299839,373,,
299845,282,,
299845,2627,,
299845,1629,,
299845,5186,,
299845,2697,,
299845,2628,,
299849,282,,
299849,2627,,
299849,1629,,
299849,5186,,
299849,2697,,
299849,2628,,
299855,282,,
299855,1002,,
299855,531,,
299855,2625,,
299855,1628,,
299855,2693,,
299859,282,,
299859,1002,,
299859,531,,
299859,2625,,
299859,1628,,
299859,2693,,
299865,282,,
299865,L44068,,
299865,5741,,
299865,2695,,
299865,3798,,
299865,2050,,
299869,282,,
299869,L44068,,
299869,5741,,
299869,2695,,
299869,3798,,
299869,2050,,
300919,282,,
300919,2634,,
300919,654,,
300919,CMS095,,
300919,3087,,
300919,373,,
300921,282,,
300921,2634,,
300921,654,,
300921,CMS095,,
300921,3087,,
300921,373,,
300923,282,,
300923,2634,,
300923,654,,
300923,CMS095,,
300923,3087,,
300923,2628,,
300929,282,,
300929,2625,,
300929,531,,
300929,1002,,
300929,1628,,
300929,2693,,
300933,282,,
300933,2625,,
300933,531,,
300933,1002,,
300933,1628,,
300933,2693,,
300935,282,,
300935,2627,,
300935,1629,,
300935,5186,,
300935,2697,,
300935,373,,
300937,282,,
300937,2627,,
300937,1629,,
300937,5186,,
300937,2697,,
300937,373,,
307607,2849,,
307607,591,,
307607,2828,,
307607,2825,,
307607,784,,
307607,784,,
307607,2824,,
307607,396,,
307607,2841,,
307607,CMS201,,
307613,2849,,
307613,1439,,
307613,590,,
307613,2830,,
307613,2831,,
307613,2829,,
307619,2849,,
307619,L26343,,
307619,L47118,,
307619,2833,,
307619,2835,,
307619,L44071,,
307619,2829,,
307619,2831,,
307619,3435,,
307619,1439,,
307625,2849,,
307625,2828,,
307625,2825,,
307625,784,,
307625,784,,
307625,2824,,
307625,2266,,
307625,L47722,,
307625,CMS201,,
307625,591,,
307631,2849,,
307631,622,,
307631,CMS020,,
307631,CMS017,,
307631,CMS006,,
307631,3435,,
307631,2829,,
307631,L29645,,
307631,L25263,,
307631,L23103,,
307637,2849,,
307637,2829,,
307637,L29645,,
307637,2840,,
307637,L47222,,
307643,2849,,
307643,L29646,,
307643,2826,,
307643,396,,
307643,2825,,
307643,784,,
307643,784,,
307643,2824,,
307643,2841,,
307643,CMS201,,
307649,2847,,
307649,L29645,,
307649,2840,,
307649,L25266,,
307649,2829,,
307649,CMS025,,
301021,719,,
301021,1181,,
301021,2049,,
301021,L15621,,
301021,L27691,,
301021,1984,,
301025,719,,
301025,1181,,
301025,2049,,
301025,L15621,,
301025,L27691,,
301025,1984,,
307655,2847,,
307655,591,,
307655,396,,
307655,2825,,
307655,784,,
307655,784,,
307655,2824,,
307655,2841,,
307655,CMS201,,
307655,2839,,
301029,719,,
301029,1181,,
301029,2049,,
301029,L15621,,
301029,L27691,,
301029,1984,,
301033,719,,
301033,1181,,
301033,2049,,
301033,L15621,,
301033,L27691,,
301033,1984,,
307661,2847,,
307661,L44064,,
307661,613,,
307661,613,,
307661,2839,,
307661,2822,,
307661,3441,,
307667,2847,,
307667,1439,,
307667,2829,,
307667,2830,,
307667,590,,
307667,CMS006,,
307667,2833,,
307667,2835,,
307667,L44071,,
307667,2834,,
307667,CMS025,,
307671,1628,,
307671,531,,
307671,4070,,
307671,2836,,
307671,L27761,,
307671,2820,,
307671,L47106,,
307671,CMS003,,
307671,3441,,
307671,2839,,
307671,2822,,
301037,719,,
301037,L01211,,
301037,L01218,,
301037,1218,,
301037,13,,
301037,L15663,,
301041,719,,
301041,L01211,,
301041,L01218,,
301041,1218,,
301041,13,,
301041,L15663,,
388309,282,,
388309,2634,,
388309,654,,
388309,CMS095,,
388309,3087,,
388309,373,,
388311,282,,
388311,2627,,
388311,1629,,
388311,5186,,
388311,2697,,
388311,2628,,
388313,282,,
388313,1002,,
388313,531,,
388313,2625,,
388313,1628,,
388313,2693,,
388315,282,,
388315,L44068,,
388315,5741,,
388315,2695,,
388315,3798,,
388315,2050,,
299559,719,,
299559,1984,,
299559,L15621,,
299559,L27691,,
299559,2049,,
299559,1181,,
299565,719,,
299565,1984,,
299565,L15621,,
299565,L27691,,
299565,2049,,
299565,1181,,
299569,719,,
299569,L01218,,
299569,L01211,,
299569,1218,,
299569,13,,
299569,L15663,,
299575,719,,
299575,L01218,,
299575,L01211,,
299575,1218,,
299575,13,,
299575,L15663,,
299579,719,,
299579,1181,,
299579,L01215,,
299579,2272,,
299579,L46050,,
299579,3907,,
299579,2049,,
299585,719,,
299585,1181,,
299585,L01215,,
299585,2272,,
299585,L46050,,
299585,3907,,
299585,2049,,
299109,282,,
299109,2634,,
299109,654,,
299109,CMS095,,
299109,3087,,
299109,373,,
299111,282,,
299111,2634,,
299111,654,,
299111,CMS095,,
299111,3087,,
299111,373,,
299117,282,,
299117,1002,,
299117,531,,
299117,2625,,
299117,1628,,
299117,2693,,
299119,282,,
299119,1002,,
299119,531,,
299119,2625,,
299119,1628,,
299119,2693,,
299125,282,,
299125,2627,,
299125,1629,,
299125,5186,,
299125,2697,,
299125,2628,,
299127,282,,
299127,2627,,
299127,1629,,
299127,5186,,
299127,2697,,
299127,2628,,
299133,282,,
299133,L34781,,
299133,5186,,
299133,5741,,
299133,3090,,
299133,2050,,
299135,282,,
299135,L34781,,
299135,5186,,
299135,5741,,
299135,3090,,
299135,2050,,
308093,282,,
308093,2634,,
308093,654,,
308093,CMS095,,
308093,3087,,
308093,2628,,
308095,282,,
308095,2634,,
308095,654,,
308095,CMS095,,
308095,3087,,
308095,373,,
308097,282,,
308097,2625,,
308097,531,,
308097,1002,,
308097,1628,,
308097,2693,,
308101,282,,
308101,2627,,
308101,1629,,
308101,5186,,
308101,2697,,
308101,373,,
307677,1628,,
307677,531,,
307677,4070,,
307677,2836,,
307677,L27761,,
307677,2820,,
307677,L47106,,
307677,CMS003,,
307677,3441,,
307677,2839,,
307677,2822,,
307677,2847,,
301049,719,,
301049,L01218,,
301049,L01211,,
301049,1218,,
301049,13,,
301049,4263,,
301053,719,,
301053,L01218,,
301053,L01211,,
301053,1218,,
301053,13,,
301053,4263,,
306923,282,,
306923,2634,,
306923,654,,
306923,CMS095,,
306923,3087,,
306923,373,,
306927,282,,
306927,1002,,
306927,531,,
306927,2625,,
306927,1628,,
306927,2693,,
306931,282,,
306931,2627,,
306931,1629,,
306931,5186,,
306931,2697,,
306931,2628,,
306935,282,,
306935,L34781,,
306935,5186,,
306935,5741,,
306935,3090,,
306935,2050,,
335949,543,,
335949,L48462,,
335949,1447,,
335949,4476,,
335949,4476,,
335949,L48482,,
335949,L48490,,
335949,4966,,
335949,L42266,,
335951,543,,
335951,543,,
335951,L48462,,
335951,1447,,
335951,4476,,
335951,4476,,
335951,L48482,,
335951,L48490,,
335951,4966,,
335953,L48486,,
335953,L48467,,
335953,L48463,,
335953,L48483,,
335953,543,,
335953,543,,
335953,L48462,,
335953,1447,,
335953,4476,,
335947,4476,,
335947,4476,,
335947,L48482,,
335947,L48490,,
335947,4966,,
335947,L42266,,
335947,L42266,,
335947,L42266,,
335947,L42265,,
335947,L48492,,
335947,3990,,
335947,L42262,,
300669,719,,
300669,2049,,
300669,3907,,
300669,6233,,
300669,L01215,,
300669,L15663,,
300669,1181,,
300671,719,,
300671,2049,,
300671,3907,,
300671,6233,,
300671,L01215,,
300671,L15663,,
300671,1181,,
300677,719,,
300677,4263,,
300677,13,,
300677,L01218,,
300677,1218,,
300677,L01211,,
300679,719,,
300679,4263,,
300679,13,,
300679,L01218,,
300679,1218,,
300679,L01211,,
300685,719,,
300685,1984,,
300685,L15621,,
300685,L27691,,
300685,2049,,
300685,1181,,
300687,719,,
300687,1984,,
300687,L15621,,
300687,L27691,,
300687,2049,,
300687,1181,,
300693,719,,
300693,13,,
300693,L01211,,
300693,6233,,
300693,1181,,
300693,719,,
300695,719,,
300695,13,,
300695,L01211,,
300695,6233,,
300695,1181,,
300695,719,,
300701,282,,
300701,2693,,
300701,1002,,
300701,1610,,
300701,13,,
300701,L01218,,
300701,1218,,
300701,1181,,
300703,282,,
300703,2693,,
300703,1002,,
300703,1610,,
300703,13,,
300703,L01218,,
300703,1218,,
300703,1181,,
300709,719,,
300709,1181,,
300709,13,,
300709,158,,
300709,1628,,
300709,2050,,
308247,719,,
308247,6233,,
308247,L01215,,
308247,1181,,
308247,3907,,
308247,2049,,
308247,L15663,,
308251,719,,
308251,6233,,
308251,3907,,
308251,L01215,,
308251,L15663,,
308251,2049,,
308251,1181,,
301177,719,,
301177,6233,,
301177,L01215,,
301177,1181,,
301177,3907,,
301177,2049,,
301177,L15663,,
301179,719,,
301179,6233,,
301179,L01215,,
301179,1181,,
301179,3907,,
301179,2049,,
301179,L15663,,
301181,719,,
301181,6233,,
301181,3907,,
301181,L01215,,
301181,L15663,,
301181,2049,,
301181,1181,,
301183,719,,
301183,6233,,
301183,3907,,
301183,L01215,,
301183,L15663,,
301183,2049,,
301183,1181,,
308255,719,,
308255,L15663,,
308255,13,,
308255,L01218,,
308255,1218,,
308255,L01211,,
308259,719,,
308259,L01211,,
308259,L01218,,
308259,13,,
308259,1218,,
308259,3907,,
308261,719,,
308261,4263,,
308261,13,,
308261,1218,,
308261,L01218,,
308261,L01211,,
301193,719,,
301193,4263,,
301193,1218,,
301193,13,,
301193,L01218,,
301193,L01211,,
301195,719,,
301195,4263,,
301195,1218,,
301195,13,,
301195,L01218,,
301195,L01211,,
308265,719,,
308265,L01211,,
308265,L01218,,
308265,1218,,
308265,13,,
308265,4263,,
301201,719,,
301201,4263,,
301201,13,,
301201,1218,,
301201,L01218,,
301201,L01211,,
301203,719,,
301203,4263,,
301203,13,,
301203,1218,,
301203,L01218,,
301203,L01211,,
301209,719,,
301209,L01211,,
301209,L01218,,
301209,13,,
301209,1218,,
301209,3907,,
301211,719,,
301211,L01211,,
301211,L01218,,
301211,13,,
301211,1218,,
301211,3907,,
308273,719,,
308273,4263,,
308273,1218,,
308273,13,,
308273,L01218,,
308273,L01211,,
301217,719,,
301217,L15663,,
301217,13,,
301217,L01218,,
301217,1218,,
301217,L01211,,
301219,719,,
301219,L15663,,
301219,13,,
301219,L01218,,
301219,1218,,
301219,L01211,,
301221,719,,
301221,L01211,,
301221,L01218,,
301221,1218,,
301221,13,,
301221,4263,,
308277,719,,
308277,1984,,
308277,L15621,,
308277,L27691,,
308277,2049,,
308277,1181,,
301227,719,,
301227,L01211,,
301227,L01218,,
301227,1218,,
301227,13,,
301227,4263,,
301233,719,,
301233,1984,,
301233,L15621,,
301233,L27691,,
301233,2049,,
301233,1181,,
301235,719,,
301235,1984,,
301235,L15621,,
301235,L27691,,
301235,2049,,
301235,1181,,
300913,282,,
300913,2634,,
300913,654,,
300913,CMS095,,
300913,3087,,
300913,2628,,
337923,L48486,,
337923,L48467,,
337923,L48463,,
337923,L48483,,
337923,543,,
337923,543,,
337923,545,,
337923,L48488,,
337923,483,,
337923,2101,,
337923,L48486,,
337925,L48486,,
337925,L48486,,
337925,L48467,,
337925,L48463,,
337925,L48483,,
337925,543,,
337925,543,,
337925,545,,
337925,L48488,,
337925,483,,
337925,2101,,
337927,543,,
337927,545,,
337927,L48488,,
337927,483,,
337927,2101,,
337927,L48486,,
337927,L48486,,
337927,L48467,,
337927,L48463,,
337927,L48483,,
337927,543,,
337929,543,,
337929,543,,
337929,545,,
337929,L48488,,
337929,483,,
337929,2101,,
337929,L48486,,
337929,L48486,,
337929,L48467,,
337929,L48463,,
337929,L48483,,
337931,4476,,
337931,1447,,
337931,L48471,,
337931,428,,
337931,543,,
337931,543,,
337931,545,,
337931,L48488,,
337931,483,,
337931,2101,,
337931,L48486,,
337933,4476,,
337933,4476,,
337933,1447,,
337933,L48471,,
337933,428,,
337933,543,,
337933,543,,
337933,545,,
337933,L48488,,
337933,483,,
337933,2101,,
337935,L42266,,
337935,4966,,
337935,L48490,,
337935,L48482,,
337935,4476,,
337935,4476,,
337935,1447,,
337935,L48471,,
337935,428,,
337935,543,,
337937,L42266,,
337937,L42266,,
337937,4966,,
337937,L48490,,
337937,L48482,,
337937,4476,,
337937,4476,,
337937,1447,,
337937,L48471,,
337937,428,,
337939,2111,,
337939,L42262,,
337939,3990,,
337939,L42265,,
337939,L48492,,
337939,L42266,,
337939,L42266,,
337939,L42266,,
337939,4966,,
337939,L48490,,
337939,L48482,,
337939,4476,,
337941,2111,,
337941,2111,,
337941,L42262,,
337941,3990,,
337941,L42265,,
337941,L48492,,
337941,L42266,,
337941,L42266,,
337941,L42266,,
337941,4966,,
337941,L48490,,
337941,L48482,,
308157,719,,
308157,1181,,
308157,2049,,
308157,L15621,,
308157,L27691,,
308157,1984,,
308161,719,,
308161,1181,,
308161,2049,,
308161,L15621,,
308161,L27691,,
308161,1984,,
308165,719,,
308165,L01211,,
308165,L01218,,
308165,1218,,
308165,13,,
308165,L15663,,
308169,719,,
308169,L01218,,
308169,L01211,,
308169,1218,,
308169,13,,
308169,4263,,
308197,282,,
308197,373,,
308197,3087,,
308197,CMS095,,
308197,654,,
308197,2634,,
308203,282,,
308203,2628,,
308203,2697,,
308203,5186,,
308203,1629,,
308203,2627,,
307391,282,,
307391,L44068,,
307391,5741,,
307391,2695,,
307391,3798,,
307391,2050,,
333919,1628,,
333919,2693,,
333919,282,,
333919,373,,
333919,2699,,
333919,654,,
333947,1628,,
333947,2693,,
333947,282,,
333947,373,,
333947,2699,,
333947,654,,
333947,1629,,
333947,1636,,
333947,CMS105,,
333947,CMS105,,
333947,3157,,
333949,1628,,
333949,2693,,
333949,282,,
333949,373,,
333949,2699,,
333949,654,,
333949,1629,,
333949,1636,,
333949,CMS105,,
333949,CMS105,,
333949,3157,,
333949,3157,,
333951,1629,,
333951,1636,,
333951,CMS105,,
333951,CMS105,,
333951,3157,,
333951,3157,,
333951,3157,,
333953,2111,,
333953,2111,,
333953,3989,,
333953,3157,,
333953,3157,,
333953,3157,,
333953,CMS105,,
333953,CMS105,,
333953,CMS018,,
333953,867,,
333955,1629,,
333955,1636,,
333955,CMS105,,
333955,CMS105,,
333955,3157,,
333955,3157,,
333955,3157,,
333955,2111,,
333957,L42266,,
333957,L42266,,
333957,L42265,,
333957,L48492,,
333957,3990,,
333957,L42262,,
333957,2111,,
333957,2111,,
333957,3989,,
333957,3157,,
333959,L42266,,
333959,L42266,,
333959,L42266,,
333959,L42265,,
333959,L48492,,
333959,3990,,
333959,L42262,,
333959,2111,,
333959,L42262,,
333959,3989,,
333961,3157,,
333961,3157,,
333961,2111,,
333961,2111,,
333961,L42262,,
333961,3990,,
333961,L42265,,
333961,L48492,,
333961,L42266,,
333963,4476,,
333963,L48482,,
333963,L48490,,
333963,4966,,
333963,L42266,,
333963,L42266,,
333963,L42266,,
333963,L42265,,
333963,L48492,,
333963,3990,,
333963,L42262,,
333963,2111,,
389223,719,,
389223,1181,,
389223,2049,,
389223,L15621,,
389223,L27691,,
389223,1984,,
389225,719,,
389225,1181,,
389225,2049,,
389225,L15621,,
389225,L27691,,
389225,1984,,
389227,719,,
389227,L01218,,
389227,L01211,,
389227,1218,,
389227,13,,
389227,4263,,
389229,719,,
389229,13,,
389229,1218,,
389229,6233,,
389229,CL0392,,
389229,L15663,,
389231,719,,
389231,1218,,
389231,L01218,,
389231,L01211,,
389231,13,,
389231,L15663,,
389233,719,,
389233,L01211,,
389233,L01218,,
389233,1218,,
389233,13,,
389233,L15663,,
389251,282,,
389251,373,,
389251,3087,,
389251,CMS095,,
389251,654,,
389251,2634,,
389253,282,,
389253,2628,,
389253,2697,,
389253,5186,,
389253,1629,,
389253,2627,,
389289,719,,
389289,6233,,
389289,3907,,
389289,L01215,,
389289,L15663,,
389289,2049,,
389289,1181,,
389291,719,,
389291,6233,,
389291,L01215,,
389291,1181,,
389291,3907,,
389291,2049,,
389291,L15663,,
389293,719,,
389293,4263,,
389293,1218,,
389293,13,,
389293,L01218,,
389293,L01211,,
389295,719,,
389295,4263,,
389295,13,,
389295,1218,,
389295,L01218,,
389295,L01211,,
389297,719,,
389297,L01211,,
389297,L01218,,
389297,1218,,
389297,13,,
389297,4263,,
389299,719,,
389299,L15663,,
389299,13,,
389299,L01218,,
389299,1218,,
389299,L01211,,
389301,719,,
389301,L01211,,
389301,L01218,,
389301,13,,
389301,1218,,
389301,3907,,
387451,282,,
387451,2634,,
387451,654,,
387451,CMS095,,
387451,3087,,
387451,373,,
387453,282,,
387453,1002,,
387453,531,,
387453,2625,,
387453,1628,,
387453,2693,,
387455,282,,
387455,2627,,
387455,1629,,
387455,5186,,
387455,2697,,
387455,2628,,
387457,282,,
387457,L34781,,
387457,5186,,
387457,5741,,
387457,3090,,
387457,2050,,
339909,3157,,
339909,2111,,
339909,2111,,
339909,L42262,,
339909,3990,,
339909,L42265,,
339909,L48492,,
339909,L42266,,
339909,L42266,,
388093,719,,
388093,1984,,
388093,L15621,,
388093,L27691,,
388093,2049,,
388093,1181,,
388095,719,,
388095,1984,,
388095,L15621,,
388095,L27691,,
388095,2049,,
388095,1181,,
388097,719,,
388097,1984,,
388097,L15621,,
388097,L27691,,
388097,2049,,
388097,1181,,
388099,719,,
388099,1984,,
388099,L15621,,
388099,L27691,,
388099,2049,,
388099,1181,,
388101,719,,
388101,L01218,,
388101,L01211,,
388101,1218,,
388101,13,,
388101,L15663,,
388103,719,,
388103,L01218,,
388103,L01211,,
388103,1218,,
388103,13,,
388103,L15663,,
388105,719,,
388105,L01218,,
388105,L01211,,
388105,1218,,
388105,13,,
388105,L15663,,
388107,719,,
388107,L01218,,
388107,L01211,,
388107,1218,,
388107,13,,
388107,L15663,,
388109,719,,
388109,1181,,
388109,L01215,,
388109,2272,,
388109,L46050,,
388109,3907,,
388109,2049,,
388111,719,,
388111,1181,,
388111,L01215,,
388111,2272,,
388111,L46050,,
388111,3907,,
388111,2049,,
388113,719,,
388113,1181,,
388113,L01215,,
388113,2272,,
388113,L46050,,
388113,3907,,
388113,2049,,
388115,719,,
388115,1181,,
388115,L01215,,
388115,2272,,
388115,L46050,,
388115,3907,,
388115,2049,,
364507,719,,
364507,13,,
364507,1218,,
364507,6233,,
364507,CL0392,,
364507,L15663,,
337189,L48486,,
337189,L48486,,
337189,L48467,,
337189,L48463,,
337189,L48483,,
337189,543,,
337189,543,,
337189,L48462,,
337189,1447,,
387885,4476,,
387885,L48482,,
387885,L48490,,
387885,4966,,
387885,L42266,,
387885,L42266,,
387885,L42266,,
387885,L42265,,
387885,L48492,,
387885,3990,,
387885,L42262,,
387885,2111,,
387887,4476,,
387887,L48482,,
387887,L48490,,
387887,4966,,
387887,L42266,,
387887,L42266,,
387887,L42266,,
387887,L42265,,
387887,L48492,,
387887,3990,,
387887,L42262,,
387887,2111,,
387889,4476,,
387889,L48482,,
387889,L48490,,
387889,4966,,
387889,L42266,,
387889,L42266,,
387889,L42266,,
387889,L42265,,
387889,L48492,,
387889,3990,,
387889,L42262,,
387889,2111,,
387891,L42266,,
387891,L42266,,
387891,L42266,,
387891,L42265,,
387891,L48492,,
387891,3990,,
387891,L42262,,
387891,2111,,
387891,L42262,,
387891,3989,,
387893,L42266,,
387893,L42266,,
387893,L42266,,
387893,L42265,,
387893,L48492,,
387893,3990,,
387893,L42262,,
387893,2111,,
387893,L42262,,
387893,3989,,
387895,L42266,,
387895,L42266,,
387895,L42266,,
387895,L42265,,
387895,L48492,,
387895,3990,,
387895,L42262,,
387895,2111,,
387895,L42262,,
387895,3989,,
387897,L42266,,
387897,L42266,,
387897,L42265,,
387897,L48492,,
387897,3990,,
387897,L42262,,
387897,2111,,
387897,2111,,
387897,3989,,
387897,3157,,
387899,L42266,,
387899,L42266,,
387899,L42265,,
387899,L48492,,
387899,3990,,
387899,L42262,,
387899,2111,,
387899,2111,,
387899,3989,,
387899,3157,,
387901,L42266,,
387901,L42266,,
387901,L42265,,
387901,L48492,,
387901,3990,,
387901,L42262,,
387901,2111,,
387901,2111,,
387901,3989,,
387901,3157,,
387903,2111,,
387903,2111,,
387903,3989,,
387903,3157,,
387903,3157,,
387903,3157,,
387903,CMS105,,
387903,CMS105,,
387903,CMS018,,
387903,867,,
387905,2111,,
387905,2111,,
387905,3989,,
387905,3157,,
387905,3157,,
387905,3157,,
387905,CMS105,,
387905,CMS105,,
387905,CMS018,,
387905,867,,
387907,2111,,
387907,2111,,
387907,3989,,
387907,3157,,
387907,3157,,
387907,3157,,
387907,CMS105,,
387907,CMS105,,
387907,CMS018,,
387907,867,,
387909,2111,,
387909,3989,,
387909,3157,,
387909,3157,,
387909,3157,,
387909,CMS105,,
387909,CMS105,,
387909,CMS018,,
387909,867,,
387911,2111,,
387911,3989,,
387911,3157,,
387911,3157,,
387911,3157,,
387911,CMS105,,
387911,CMS105,,
387911,CMS018,,
387911,867,,
387913,2111,,
387913,3989,,
387913,3157,,
387913,3157,,
387913,3157,,
387913,CMS105,,
387913,CMS105,,
387913,CMS018,,
387913,867,,
387915,3157,,
387915,3157,,
387915,3157,,
387915,CMS105,,
387915,CMS105,,
387915,CMS018,,
387915,867,,
387917,3157,,
387917,3157,,
387917,3157,,
387917,CMS105,,
387917,CMS105,,
387917,CMS018,,
387917,867,,
387919,3157,,
387919,3157,,
387919,3157,,
387919,CMS105,,
387919,CMS105,,
387919,CMS018,,
387919,867,,
387921,3157,,
387921,3157,,
387921,CMS105,,
387921,CMS105,,
387921,CMS018,,
387921,867,,
387923,3157,,
387923,3157,,
387923,CMS105,,
387923,CMS105,,
387923,CMS018,,
387923,867,,
387925,3157,,
387925,3157,,
387925,CMS105,,
387925,CMS105,,
387925,CMS018,,
387925,867,,
387797,1629,,
387797,1636,,
387797,CMS105,,
387797,CMS105,,
387797,3157,,
387797,3157,,
387797,3157,,
387797,2111,,
387799,3157,,
387799,3157,,
387799,2111,,
387799,2111,,
387799,L42262,,
387799,3990,,
387799,L42265,,
387799,L48492,,
387799,L42266,,
387801,3157,,
387801,3157,,
387801,2111,,
387801,2111,,
387801,L42262,,
387801,3990,,
387801,L42265,,
387801,L48492,,
387801,L42266,,
387803,3157,,
387803,3157,,
387803,2111,,
387803,2111,,
387803,L42262,,
387803,3990,,
387803,L42265,,
387803,L48492,,
387803,L42266,,
387805,3157,,
387805,2111,,
387805,2111,,
387805,L42262,,
387805,3990,,
387805,L42265,,
387805,L48492,,
387805,L42266,,
387805,L42266,,
387807,3157,,
387807,2111,,
387807,2111,,
387807,L42262,,
387807,3990,,
387807,L42265,,
387807,L48492,,
387807,L42266,,
387807,L42266,,
387809,3157,,
387809,2111,,
387809,2111,,
387809,L42262,,
387809,3990,,
387809,L42265,,
387809,L48492,,
387809,L42266,,
387809,L42266,,
387811,2111,,
387811,2111,,
387811,L42262,,
387811,3990,,
387811,L42265,,
387811,L48492,,
387811,L42266,,
387811,L42266,,
387811,L42266,,
387811,4966,,
387811,L48490,,
387811,L48482,,
387813,2111,,
387813,2111,,
387813,L42262,,
387813,3990,,
387813,L42265,,
387813,L48492,,
387813,L42266,,
387813,L42266,,
387813,L42266,,
387813,4966,,
387813,L48490,,
387813,L48482,,
387815,2111,,
387815,2111,,
387815,L42262,,
387815,3990,,
387815,L42265,,
387815,L48492,,
387815,L42266,,
387815,L42266,,
387815,L42266,,
387815,4966,,
387815,L48490,,
387815,L48482,,
387817,2111,,
387817,L42262,,
387817,3990,,
387817,L42265,,
387817,L48492,,
387817,L42266,,
387817,L42266,,
387817,L42266,,
387817,4966,,
387817,L48490,,
387817,L48482,,
387817,4476,,
387819,2111,,
387819,L42262,,
387819,3990,,
387819,L42265,,
387819,L48492,,
387819,L42266,,
387819,L42266,,
387819,L42266,,
387819,4966,,
387819,L48490,,
387819,L48482,,
387819,4476,,
387821,2111,,
387821,L42262,,
387821,3990,,
387821,L42265,,
387821,L48492,,
387821,L42266,,
387821,L42266,,
387821,L42266,,
387821,4966,,
387821,L48490,,
387821,L48482,,
387821,4476,,
387823,L42266,,
387823,L42266,,
387823,4966,,
387823,L48490,,
387823,L48482,,
387823,4476,,
387823,4476,,
387823,1447,,
387823,L48471,,
387823,428,,
387825,L42266,,
387825,L42266,,
387825,4966,,
387825,L48490,,
387825,L48482,,
387825,4476,,
387825,4476,,
387825,1447,,
387825,L48471,,
387825,428,,
387827,L42266,,
387827,L42266,,
387827,4966,,
387827,L48490,,
387827,L48482,,
387827,4476,,
387827,4476,,
387827,1447,,
387827,L48471,,
387827,428,,
387829,L42266,,
387829,4966,,
387829,L48490,,
387829,L48482,,
387829,4476,,
387829,4476,,
387829,1447,,
387829,L48471,,
387829,428,,
387829,543,,
387831,L42266,,
387831,4966,,
387831,L48490,,
387831,L48482,,
387831,4476,,
387831,4476,,
387831,1447,,
387831,L48471,,
387831,428,,
387831,543,,
387833,L42266,,
387833,4966,,
387833,L48490,,
387833,L48482,,
387833,4476,,
387833,4476,,
387833,1447,,
387833,L48471,,
387833,428,,
387833,543,,
387835,4476,,
387835,4476,,
387835,1447,,
387835,L48471,,
387835,428,,
387835,543,,
387835,543,,
387835,545,,
387835,L48488,,
387835,483,,
387835,2101,,
387837,4476,,
387837,4476,,
387837,1447,,
387837,L48471,,
387837,428,,
387837,543,,
387837,543,,
387837,545,,
387837,L48488,,
387837,483,,
387837,2101,,
387839,4476,,
387839,4476,,
387839,1447,,
387839,L48471,,
387839,428,,
387839,543,,
387839,543,,
387839,545,,
387839,L48488,,
387839,483,,
387839,2101,,
387841,4476,,
387841,1447,,
387841,L48471,,
387841,428,,
387841,543,,
387841,543,,
387841,545,,
387841,L48488,,
387841,483,,
387841,2101,,
387841,L48486,,
387843,4476,,
387843,1447,,
387843,L48471,,
387843,428,,
387843,543,,
387843,543,,
387843,545,,
387843,L48488,,
387843,483,,
387843,2101,,
387843,L48486,,
387845,4476,,
387845,1447,,
387845,L48471,,
387845,428,,
387845,543,,
387845,543,,
387845,545,,
387845,L48488,,
387845,483,,
387845,2101,,
387845,L48486,,
387855,L48486,,
387855,L48486,,
387855,L48467,,
387855,L48463,,
387855,L48483,,
387855,543,,
387855,543,,
387855,L48462,,
387855,1447,,
387857,L48486,,
387857,L48486,,
387857,L48467,,
387857,L48463,,
387857,L48483,,
387857,543,,
387857,543,,
387857,L48462,,
387857,1447,,
387859,L48486,,
387859,L48486,,
387859,L48467,,
387859,L48463,,
387859,L48483,,
387859,543,,
387859,543,,
387859,L48462,,
387859,1447,,
387861,L48486,,
387861,L48467,,
387861,L48463,,
387861,L48483,,
387861,543,,
387861,543,,
387861,L48462,,
387861,1447,,
387861,4476,,
387863,L48486,,
387863,L48467,,
387863,L48463,,
387863,L48483,,
387863,543,,
387863,543,,
387863,L48462,,
387863,1447,,
387863,4476,,
387865,L48486,,
387865,L48467,,
387865,L48463,,
387865,L48483,,
387865,543,,
387865,543,,
387865,L48462,,
387865,1447,,
387865,4476,,
387867,543,,
387867,543,,
387867,L48462,,
387867,1447,,
387867,4476,,
387867,4476,,
387867,L48482,,
387867,L48490,,
387867,4966,,
387869,543,,
387869,543,,
387869,L48462,,
387869,1447,,
387869,4476,,
387869,4476,,
387869,L48482,,
387869,L48490,,
387869,4966,,
387871,543,,
387871,543,,
387871,L48462,,
387871,1447,,
387871,4476,,
387871,4476,,
387871,L48482,,
387871,L48490,,
387871,4966,,
387873,543,,
387873,L48462,,
387873,1447,,
387873,4476,,
387873,4476,,
387873,L48482,,
387873,L48490,,
387873,4966,,
387873,L42266,,
387875,543,,
387875,L48462,,
387875,1447,,
387875,4476,,
387875,4476,,
387875,L48482,,
387875,L48490,,
387875,4966,,
387875,L42266,,
387877,543,,
387877,L48462,,
387877,1447,,
387877,4476,,
387877,4476,,
387877,L48482,,
387877,L48490,,
387877,4966,,
387877,L42266,,
387879,4476,,
387879,4476,,
387879,L48482,,
387879,L48490,,
387879,4966,,
387879,L42266,,
387879,L42266,,
387879,L42266,,
387879,L42265,,
387879,L48492,,
387879,3990,,
387879,L42262,,
387881,4476,,
387881,4476,,
387881,L48482,,
387881,L48490,,
387881,4966,,
387881,L42266,,
387881,L42266,,
387881,L42266,,
387881,L42265,,
387881,L48492,,
387881,3990,,
387881,L42262,,
387883,4476,,
387883,4476,,
387883,L48482,,
387883,L48490,,
387883,4966,,
387883,L42266,,
387883,L42266,,
387883,L42266,,
387883,L42265,,
387883,L48492,,
387883,3990,,
387883,L42262,,
388531,2849,,
388531,591,,
388531,2828,,
388531,2825,,
388531,784,,
388531,784,,
388531,2824,,
388531,396,,
388531,2841,,
388531,CMS201,,
388533,2849,,
388533,591,,
388533,2828,,
388533,2825,,
388533,784,,
388533,784,,
388533,2824,,
388533,396,,
388533,2841,,
388533,CMS201,,
388535,2849,,
388535,591,,
388535,2828,,
388535,2825,,
388535,784,,
388535,784,,
388535,2824,,
388535,396,,
388535,2841,,
388535,CMS201,,
389303,719,,
389303,1984,,
389303,L15621,,
389303,L27691,,
389303,2049,,
389303,1181,,
388537,2849,,
388537,591,,
388537,2828,,
388537,2825,,
388537,784,,
388537,784,,
388537,2824,,
388537,396,,
388537,2841,,
388537,CMS201,,
388539,2849,,
388539,1439,,
388539,2830,,
388539,590,,
388539,2831,,
388539,2829,,
388541,2849,,
388541,1439,,
388541,590,,
388541,2830,,
388541,2831,,
388541,2829,,
388543,2849,,
388543,1439,,
388543,590,,
388543,2830,,
388543,2831,,
388543,2829,,
388545,2849,,
388545,1439,,
388545,590,,
388545,2830,,
388545,2831,,
388545,2829,,
388547,2849,,
388547,L26343,,
388547,L47118,,
388547,2833,,
388547,2835,,
388547,L44071,,
388547,2829,,
388547,2831,,
388547,3435,,
388547,1439,,
388549,2849,,
388549,L26343,,
388549,L47118,,
388549,2833,,
388549,2835,,
388549,L44071,,
388549,2829,,
388549,2831,,
388549,3435,,
388549,1439,,
388551,2849,,
388551,L26343,,
388551,L47118,,
388551,2833,,
388551,2835,,
388551,L44071,,
388551,2829,,
388551,2831,,
388551,3435,,
388551,1439,,
388553,2849,,
388553,L26343,,
388553,L47118,,
388553,2833,,
388553,2835,,
388553,L44071,,
388553,2829,,
388553,2831,,
388553,3435,,
388553,1439,,
388555,2849,,
388555,2828,,
388555,2825,,
388555,784,,
388555,784,,
388555,2824,,
388555,2266,,
388555,L47722,,
388555,CMS201,,
388555,591,,
388557,2849,,
388557,2828,,
388557,2825,,
388557,784,,
388557,784,,
388557,2824,,
388557,2266,,
388557,L47722,,
388557,CMS201,,
388557,591,,
388559,2849,,
388559,2828,,
388559,2825,,
388559,784,,
388559,784,,
388559,2824,,
388559,2266,,
388559,L47722,,
388559,CMS201,,
388559,591,,
388561,2849,,
388561,2828,,
388561,2825,,
388561,784,,
388561,784,,
388561,2824,,
388561,2266,,
388561,L47722,,
388561,CMS201,,
388561,591,,
388563,2849,,
388563,622,,
388563,CMS020,,
388563,CMS017,,
388563,CMS006,,
388563,3435,,
388563,2829,,
388563,L29645,,
388563,L25263,,
388563,L23103,,
388565,2849,,
388565,622,,
388565,CMS020,,
388565,CMS017,,
388565,CMS006,,
388565,3435,,
388565,2829,,
388565,L29645,,
388565,L25263,,
388565,L23103,,
388567,2849,,
388567,622,,
388567,CMS020,,
388567,CMS017,,
388567,CMS006,,
388567,3435,,
388567,2829,,
388567,L29645,,
388567,L25263,,
388567,L23103,,
388569,2849,,
388569,622,,
388569,CMS020,,
388569,CMS017,,
388569,CMS006,,
388569,3435,,
388569,2829,,
388569,L29645,,
388569,L25263,,
388569,L23103,,
388571,2849,,
388571,2829,,
388571,L29645,,
388571,2840,,
388571,L47222,,
388573,2849,,
388573,2829,,
388573,L29645,,
388573,2840,,
388573,L47222,,
388575,2849,,
388575,2829,,
388575,L29645,,
388575,2840,,
388575,L47222,,
388577,2849,,
388577,2829,,
388577,L29645,,
388577,2840,,
388577,L47222,,
388579,2849,,
388579,L29646,,
388579,2826,,
388579,396,,
388579,2825,,
388579,784,,
388579,784,,
388579,2824,,
388579,2841,,
388579,CMS201,,
388581,2849,,
388581,L29646,,
388581,2826,,
388581,396,,
388581,2825,,
388581,784,,
388581,784,,
388581,2824,,
388581,2841,,
388581,CMS201,,
388583,2849,,
388583,L29646,,
388583,2826,,
388583,396,,
388583,2825,,
388583,784,,
388583,784,,
388583,2824,,
388583,2841,,
388583,CMS201,,
388585,2849,,
388585,L29646,,
388585,2826,,
388585,396,,
388585,2825,,
388585,784,,
388585,784,,
388585,2824,,
388585,2841,,
388585,CMS201,,
388587,2847,,
388587,L29645,,
388587,2840,,
388587,L25266,,
388587,2829,,
388587,CMS025,,
388589,2847,,
388589,L29645,,
388589,2840,,
388589,L25266,,
388589,2829,,
388589,CMS025,,
388591,2847,,
388591,L29645,,
388591,2840,,
388591,L25266,,
388591,2829,,
388591,CMS025,,
388593,2847,,
388593,L29645,,
388593,2840,,
388593,L25266,,
388593,2829,,
388593,CMS025,,
388595,2847,,
388595,591,,
388595,396,,
388595,2825,,
388595,784,,
388595,784,,
388595,2824,,
388595,2841,,
388595,CMS201,,
388595,2839,,
388597,2847,,
388597,591,,
388597,396,,
388597,2825,,
388597,784,,
388597,784,,
388597,2824,,
388597,2841,,
388597,CMS201,,
388597,2839,,
373901,2849,,
373901,591,,
373901,2828,,
373901,2825,,
373901,784,,
373901,784,,
373901,2824,,
373901,396,,
373901,2841,,
373901,CMS201,,
388599,2847,,
388599,591,,
388599,396,,
388599,2825,,
388599,784,,
388599,784,,
388599,2824,,
388599,2841,,
388599,CMS201,,
388599,2839,,
388601,2847,,
388601,591,,
388601,396,,
388601,2825,,
388601,784,,
388601,784,,
388601,2824,,
388601,2841,,
388601,CMS201,,
388601,2839,,
388603,2847,,
388603,L44064,,
388603,613,,
388603,613,,
388603,2839,,
388603,2822,,
388603,3441,,
388605,2847,,
388605,L44064,,
388605,613,,
388605,613,,
388605,2839,,
388605,2822,,
388605,3441,,
373911,2849,,
373911,1439,,
373911,590,,
373911,2830,,
373911,2831,,
373911,2829,,
388607,2847,,
388607,L44064,,
388607,613,,
388607,613,,
388607,2839,,
388607,2822,,
388607,3441,,
388609,2847,,
388609,L44064,,
388609,613,,
388609,613,,
388609,2839,,
388609,2822,,
388609,3441,,
388611,2847,,
388611,1439,,
388611,2829,,
388611,2830,,
388611,590,,
388611,CMS006,,
388611,2833,,
388611,2835,,
388611,L44071,,
388611,2834,,
388611,CMS025,,
388613,2847,,
388613,1439,,
388613,2829,,
388613,2830,,
388613,590,,
388613,CMS006,,
388613,2833,,
388613,2835,,
388613,L44071,,
388613,2834,,
388613,CMS025,,
388615,2847,,
388615,1439,,
388615,2829,,
388615,2830,,
388615,590,,
388615,CMS006,,
388615,2833,,
388615,2835,,
388615,L44071,,
388615,2834,,
388615,CMS025,,
388617,2847,,
388617,1439,,
388617,2829,,
388617,2830,,
388617,590,,
388617,CMS006,,
388617,2833,,
388617,2835,,
388617,L44071,,
388617,2834,,
388617,CMS025,,
388619,1628,,
388619,531,,
388619,4070,,
388619,2836,,
388619,L27761,,
388619,2820,,
388619,L47106,,
388619,CMS003,,
388619,3441,,
388619,2839,,
388619,2822,,
388621,1628,,
388621,531,,
388621,4070,,
388621,2836,,
388621,L27761,,
388621,2820,,
388621,L47106,,
388621,CMS003,,
388621,3441,,
388621,2839,,
388621,2822,,
388621,2847,,
388623,1628,,
388623,531,,
388623,4070,,
388623,2836,,
388623,L27761,,
388623,2820,,
388623,L47106,,
388623,CMS003,,
388623,3441,,
388623,2839,,
388623,2822,,
388623,2847,,
388625,1628,,
388625,531,,
388625,4070,,
388625,2836,,
388625,L27761,,
388625,2820,,
388625,L47106,,
388625,CMS003,,
388625,3441,,
388625,2839,,
388625,2822,,
388625,2847,,
373921,2849,,
373921,L26343,,
373921,L47118,,
373921,2833,,
373921,2835,,
373921,L44071,,
373921,2829,,
373921,2831,,
373921,3435,,
373921,1439,,
388627,1628,,
388627,531,,
388627,4070,,
388627,2836,,
388627,L27761,,
388627,2820,,
388627,L47106,,
388627,CMS003,,
388627,3441,,
388627,2839,,
388627,2822,,
388627,2847,,
388629,2849,,
388629,L29482,,
388629,2839,,
388631,2849,,
388631,L29482,,
388631,2839,,
388633,2849,,
388633,L29482,,
388633,2839,,
388635,2847,,
388635,CMS003,,
388635,CMS004,,
388635,2820,,
388635,2867,,
388635,2836,,
373931,2849,,
373931,2828,,
373931,2825,,
373931,784,,
373931,784,,
373931,2824,,
373931,2266,,
373931,L47722,,
373931,CMS201,,
373931,591,,
373941,2849,,
373941,622,,
373941,CMS020,,
373941,CMS017,,
373941,CMS006,,
373941,3435,,
373941,2829,,
373941,L29645,,
373941,L25263,,
373941,L23103,,
373951,2849,,
373951,2829,,
373951,L29645,,
373951,2840,,
373951,L47222,,
387699,543,,
387699,543,,
387699,545,,
387699,L48488,,
387699,483,,
387699,2101,,
387699,L48486,,
387699,L48486,,
387699,L48467,,
387699,L48463,,
387699,L48483,,
387701,543,,
387701,543,,
387701,545,,
387701,L48488,,
387701,483,,
387701,2101,,
387701,L48486,,
387701,L48486,,
387701,L48467,,
387701,L48463,,
387701,L48483,,
387703,543,,
387703,543,,
387703,545,,
387703,L48488,,
387703,483,,
387703,2101,,
387703,L48486,,
387703,L48486,,
387703,L48467,,
387703,L48463,,
387703,L48483,,
387705,543,,
387705,545,,
387705,L48488,,
387705,483,,
387705,2101,,
387705,L48486,,
387705,L48486,,
387705,L48467,,
387705,L48463,,
387705,L48483,,
387705,543,,
387707,543,,
387707,545,,
387707,L48488,,
387707,483,,
387707,2101,,
387707,L48486,,
387707,L48486,,
387707,L48467,,
387707,L48463,,
387707,L48483,,
387707,543,,
387709,543,,
387709,545,,
387709,L48488,,
387709,483,,
387709,2101,,
387709,L48486,,
387709,L48486,,
387709,L48467,,
387709,L48463,,
387709,L48483,,
387709,543,,
387711,L48486,,
387711,L48486,,
387711,L48467,,
387711,L48463,,
387711,L48483,,
387711,543,,
387711,543,,
387711,545,,
387711,L48488,,
387711,483,,
387711,2101,,
387713,L48486,,
387713,L48486,,
387713,L48467,,
387713,L48463,,
387713,L48483,,
387713,543,,
387713,543,,
387713,545,,
387713,L48488,,
387713,483,,
387713,2101,,
387715,L48486,,
387715,L48486,,
387715,L48467,,
387715,L48463,,
387715,L48483,,
387715,543,,
387715,543,,
387715,545,,
387715,L48488,,
387715,483,,
387715,2101,,
387717,L48486,,
387717,L48467,,
387717,L48463,,
387717,L48483,,
387717,543,,
387717,543,,
387717,545,,
387717,L48488,,
387717,483,,
387717,2101,,
387717,L48486,,
387719,L48486,,
387719,L48467,,
387719,L48463,,
387719,L48483,,
387719,543,,
387719,543,,
387719,545,,
387719,L48488,,
387719,483,,
387719,2101,,
387719,L48486,,
387721,L48486,,
387721,L48467,,
387721,L48463,,
387721,L48483,,
387721,543,,
387721,543,,
387721,545,,
387721,L48488,,
387721,483,,
387721,2101,,
387721,L48486,,
387769,1628,,
387769,2693,,
387769,282,,
387769,373,,
387769,2699,,
387769,654,,
387771,1628,,
387771,2693,,
387771,282,,
387771,373,,
387771,2699,,
387771,654,,
387773,1628,,
387773,2693,,
387773,282,,
387773,373,,
387773,2699,,
387773,654,,
387775,1628,,
387775,2693,,
387775,282,,
387775,373,,
387775,2699,,
387775,654,,
387775,1629,,
387775,1636,,
387775,CMS105,,
387775,CMS105,,
387775,3157,,
387777,1628,,
387777,2693,,
387777,282,,
387777,373,,
387777,2699,,
387777,654,,
387777,1629,,
387777,1636,,
387777,CMS105,,
387777,CMS105,,
387777,3157,,
387779,1628,,
387779,2693,,
387779,282,,
387779,373,,
387779,2699,,
387779,654,,
387779,1629,,
387779,1636,,
387779,CMS105,,
387779,CMS105,,
387779,3157,,
387781,1628,,
387781,2693,,
387781,282,,
387781,373,,
387781,2699,,
387781,654,,
387781,1629,,
387781,1636,,
387781,CMS105,,
387781,CMS105,,
387781,3157,,
387781,3157,,
387783,1628,,
387783,2693,,
387783,282,,
387783,373,,
387783,2699,,
387783,654,,
387783,1629,,
387783,1636,,
387783,CMS105,,
387783,CMS105,,
387783,3157,,
387783,3157,,
387785,1628,,
387785,2693,,
387785,282,,
387785,373,,
387785,2699,,
387785,654,,
387785,1629,,
387785,1636,,
387785,CMS105,,
387785,CMS105,,
387785,3157,,
387785,3157,,
387787,1629,,
387787,1636,,
387787,CMS105,,
387787,CMS105,,
387787,3157,,
387787,3157,,
387787,3157,,
387789,1629,,
387789,1636,,
387789,CMS105,,
387789,CMS105,,
387789,3157,,
387789,3157,,
387789,3157,,
387791,1629,,
387791,1636,,
387791,CMS105,,
387791,CMS105,,
387791,3157,,
387791,3157,,
387791,3157,,
387793,1629,,
387793,1636,,
387793,CMS105,,
387793,CMS105,,
387793,3157,,
387793,3157,,
387793,3157,,
387793,2111,,
387795,1629,,
387795,1636,,
387795,CMS105,,
387795,CMS105,,
387795,3157,,
387795,3157,,
387795,3157,,
387795,2111,,
388981,719,,
388981,4263,,
388981,13,,
388981,L01218,,
388981,1218,,
388981,L01211,,
388983,719,,
388983,1984,,
388983,L15621,,
388983,L27691,,
388983,2049,,
388983,1181,,
388985,719,,
388985,13,,
388985,L01211,,
388985,6233,,
388985,1181,,
388985,719,,
388987,282,,
388987,2693,,
388987,1002,,
388987,1610,,
388987,13,,
388987,L01218,,
388987,1218,,
388987,1181,,
388989,719,,
388989,1181,,
388989,13,,
388989,158,,
388989,1628,,
388989,2050,,
388979,719,,
388979,2049,,
388979,3907,,
388979,6233,,
388979,L01215,,
388979,L15663,,
388979,1181,,
389129,282,,
389129,2634,,
389129,654,,
389129,CMS095,,
389129,3087,,
389129,2628,,
389131,282,,
389131,2634,,
389131,654,,
389131,CMS095,,
389131,3087,,
389131,373,,
389133,282,,
389133,2625,,
389133,531,,
389133,1002,,
389133,1628,,
389133,2693,,
389135,282,,
389135,2627,,
389135,1629,,
389135,5186,,
389135,2697,,
389135,373,,
389137,282,,
389137,3588,,
389137,676,,
389137,5186,,
389137,2697,,
389137,2628,,
373961,2849,,
373961,L29646,,
373961,2826,,
373961,396,,
373961,2825,,
373961,784,,
373961,784,,
373961,2824,,
373961,2841,,
373961,CMS201,,
373971,2847,,
373971,L29645,,
373971,2840,,
373971,L25266,,
373971,2829,,
373971,CMS025,,
373981,2847,,
373981,591,,
373981,396,,
373981,2825,,
373981,784,,
373981,784,,
373981,2824,,
373981,2841,,
373981,CMS201,,
373981,2839,,
373991,2847,,
373991,L44064,,
373991,613,,
373991,613,,
373991,2839,,
373991,2822,,
373991,3441,,
374001,2847,,
374001,1439,,
374001,2829,,
374001,2830,,
374001,590,,
374001,CMS006,,
374001,2833,,
374001,2835,,
374001,L44071,,
374001,2834,,
374001,CMS025,,
373333,719,,
373333,1984,,
373333,L15621,,
373333,L27691,,
373333,2049,,
373333,1181,,
388791,2849,,
388791,2830,,
388791,590,,
388791,2831,,
388791,1439,,
388791,2829,,
373343,719,,
373343,L01218,,
373343,L01211,,
373343,1218,,
373343,13,,
373343,L15663,,
373353,719,,
373353,1181,,
373353,L01215,,
373353,2272,,
373353,L46050,,
373353,3907,,
373353,2049,,
373433,282,,
373433,2693,,
373433,1628,,
373433,158,,
373433,13,,
373433,2272,,
373433,L46050,,
373433,1218,,
373433,1181,,
373443,719,,
373443,1181,,
373443,1218,,
373443,13,,
373443,158,,
373443,2625,,
373443,1002,,
374013,1628,,
374013,531,,
374013,4070,,
374013,2836,,
374013,L27761,,
374013,2820,,
374013,L47106,,
374013,CMS003,,
374013,3441,,
374013,2839,,
374013,2822,,
374013,2847,,